ts,equity,open_pos,quotes,fills_min,pnl_min,pnl_hour,pnl_day,win_rate,avg_hold_s,wins,losses,stops,tps,max_holds,reconnections,wavelet_alerts,pick_rate
2026-05-23T11:06:10,9499.78,0,0,0,0.0,-0.22298,-0.22298,0.0,28.1,0,6,0,0,6,0,0,0.0
2026-05-23T11:07:12,9499.78,0,0,0,0.0,-0.22298,-0.22298,0.0,28.1,0,6,0,0,6,0,0,0.0
2026-05-23T11:07:42,6000.0,0,0,0,0.0,0.0,0.0,0.0,0.0,0,0,0,0,0,0,0,0.0
2026-05-23T11:08:13,9499.78,0,0,0,0.0,-0.22298,-0.22298,0.0,28.1,0,6,0,0,6,0,0,0.0
2026-05-23T11:08:42,5999.99,0,0,0,0.0,-0.006296,-0.006296,0.0,20.3,0,1,0,0,1,0,0,0.0
2026-05-23T11:09:17,9499.78,0,0,0,0.0,-0.22298,-0.22298,0.0,28.1,0,6,0,0,6,0,0,0.0
2026-05-23T11:09:42,5999.96,0,0,0,0.0,-0.036631,-0.036631,0.0,23.7,0,2,0,0,2,0,0,0.0
2026-05-23T11:10:19,9499.78,0,0,0,0.0,-0.22298,-0.22298,0.0,28.1,0,6,0,0,6,0,0,0.0
2026-05-23T11:10:42,5999.93,0,0,0,0.0,-0.071562,-0.071562,0.0,24.8,0,3,0,0,3,0,0,0.0
2026-05-23T11:11:21,9499.78,0,0,0,0.0,-0.22298,-0.22298,0.0,28.1,0,6,0,0,6,0,0,0.0
2026-05-23T11:11:42,5999.93,1,0,0,0.0,-0.071562,-0.071562,0.0,24.8,0,3,0,0,3,0,0,0.0
2026-05-23T11:12:23,9499.78,0,0,0,0.0,-0.22298,-0.22298,0.0,28.1,0,6,0,0,6,0,0,0.0
2026-05-23T11:12:42,5999.86,0,0,0,0.0,-0.144219,-0.144219,0.0,26.8,0,5,0,0,5,0,0,0.0
2026-05-23T11:13:25,9499.78,0,0,0,0.0,-0.22298,-0.22298,0.0,28.1,0,6,0,0,6,0,0,0.0
2026-05-23T11:13:42,5999.81,0,0,1,-0.049638,-0.144219,-0.193856,0.0,25.3,0,6,0,0,6,0,0,0.0
2026-05-23T11:14:28,9499.78,0,0,0,0.0,-0.22298,-0.22298,0.0,28.1,0,6,0,0,6,0,0,0.0
2026-05-23T11:14:42,5999.81,0,0,0,0.0,-0.193856,-0.193856,0.0,25.3,0,6,0,0,6,1,0,0.0
2026-05-23T11:15:30,9499.78,0,0,0,0.0,-0.22298,-0.22298,0.0,28.1,0,6,0,0,6,0,0,0.0
2026-05-23T11:15:42,5999.81,0,0,0,0.0,-0.193856,-0.193856,0.0,25.3,0,6,0,0,6,1,0,0.0
2026-05-23T11:16:32,9499.78,0,0,0,0.0,-0.22298,-0.22298,0.0,28.1,0,6,0,0,6,0,0,0.0
2026-05-23T11:16:42,5999.81,0,0,0,0.0,-0.193856,-0.193856,0.0,25.3,0,6,0,0,6,1,0,0.0
2026-05-23T11:17:33,9499.78,0,0,0,0.0,-0.22298,-0.22298,0.0,28.1,0,6,0,0,6,0,0,0.0
2026-05-23T11:17:42,5999.81,0,0,0,0.0,-0.193856,-0.193856,0.0,25.3,0,6,0,0,6,1,0,0.0
2026-05-23T11:18:36,9499.78,0,0,0,0.0,-0.22298,-0.22298,0.0,28.1,0,6,0,0,6,0,0,0.0
2026-05-23T11:18:42,5999.81,0,0,0,0.0,-0.193856,-0.193856,0.0,25.3,0,6,0,0,6,1,0,0.0
2026-05-23T11:19:38,9499.78,0,0,0,0.0,-0.22298,-0.22298,0.0,28.1,0,6,0,0,6,0,0,0.0
2026-05-23T11:19:42,5999.81,0,0,0,0.0,-0.193856,-0.193856,0.0,25.3,0,6,0,0,6,1,0,0.0
2026-05-23T11:20:39,9499.78,0,0,0,0.0,-0.22298,-0.22298,0.0,28.1,0,6,0,0,6,0,0,0.0
2026-05-23T11:20:42,5999.81,0,0,0,0.0,-0.193856,-0.193856,0.0,25.3,0,6,0,0,6,1,0,0.0
2026-05-23T11:21:42,5999.81,0,0,0,0.0,-0.193856,-0.193856,0.0,25.3,0,6,0,0,6,1,0,0.0
2026-05-23T11:21:42,9499.78,0,0,0,0.0,-0.22298,-0.22298,0.0,28.1,0,6,0,0,6,0,0,0.0
2026-05-23T11:22:42,5999.81,0,0,0,0.0,-0.193856,-0.193856,0.0,25.3,0,6,0,0,6,1,0,0.0
2026-05-23T11:22:45,9499.78,0,0,0,0.0,-0.22298,-0.22298,0.0,28.1,0,6,0,0,6,0,0,0.0
2026-05-23T11:23:42,5999.81,0,0,0,0.0,-0.193856,-0.193856,0.0,25.3,0,6,0,0,6,1,0,0.0
2026-05-23T11:23:47,9499.78,0,0,0,0.0,-0.22298,-0.22298,0.0,28.1,0,6,0,0,6,0,0,0.0
2026-05-23T11:24:42,5999.81,0,0,0,0.0,-0.193856,-0.193856,0.0,25.3,0,6,0,0,6,1,0,0.0
2026-05-23T11:24:50,9499.78,0,0,0,0.0,-0.22298,-0.22298,0.0,28.1,0,6,0,0,6,0,0,0.0
2026-05-23T11:25:42,5999.81,0,0,0,0.0,-0.193856,-0.193856,0.0,25.3,0,6,0,0,6,1,0,0.0
2026-05-23T11:25:52,9499.78,0,0,0,0.0,-0.22298,-0.22298,0.0,28.1,0,6,0,0,6,0,0,0.0
2026-05-23T11:26:42,5999.81,0,0,0,0.0,-0.193856,-0.193856,0.0,25.3,0,6,0,0,6,1,0,0.0
2026-05-23T11:26:54,9499.78,0,0,0,0.0,-0.22298,-0.22298,0.0,28.1,0,6,0,0,6,0,0,0.0
2026-05-23T11:27:42,5999.81,0,0,0,0.0,-0.193856,-0.193856,0.0,25.3,0,6,0,0,6,1,0,0.0
2026-05-23T11:27:56,9499.78,0,0,0,0.0,-0.22298,-0.22298,0.0,28.1,0,6,0,0,6,0,0,0.0
2026-05-23T11:28:42,5999.81,0,0,0,0.0,-0.193856,-0.193856,0.0,25.3,0,6,0,0,6,1,0,0.0
2026-05-23T11:28:58,9499.78,0,0,0,0.0,-0.22298,-0.22298,0.0,28.1,0,6,0,0,6,0,0,0.0
2026-05-23T11:29:42,5999.81,0,0,0,0.0,-0.193856,-0.193856,0.0,25.3,0,6,0,0,6,1,0,0.0
2026-05-23T11:30:00,9499.78,0,0,0,0.0,-0.22298,-0.22298,0.0,28.1,0,6,0,0,6,0,0,0.0
2026-05-23T11:30:42,5999.81,0,0,0,0.0,-0.193856,-0.193856,0.0,25.3,0,6,0,0,6,1,0,0.0
2026-05-23T11:31:02,9499.78,0,0,0,0.0,-0.22298,-0.22298,0.0,28.1,0,6,0,0,6,0,0,0.0
2026-05-23T11:31:42,5999.81,0,0,0,0.0,-0.193856,-0.193856,0.0,25.3,0,6,0,0,6,1,0,0.0
2026-05-23T11:32:03,9499.78,0,0,0,0.0,-0.22298,-0.22298,0.0,28.1,0,6,0,0,6,0,0,0.0
2026-05-23T11:32:42,5999.81,0,0,0,0.0,-0.193856,-0.193856,0.0,25.3,0,6,0,0,6,1,0,0.0
2026-05-23T11:33:06,9499.78,0,0,0,0.0,-0.22298,-0.22298,0.0,28.1,0,6,0,0,6,0,0,0.0
2026-05-23T11:33:42,5999.81,0,0,0,0.0,-0.193856,-0.193856,0.0,25.3,0,6,0,0,6,1,0,0.0
2026-05-23T11:34:08,9499.78,0,0,0,0.0,-0.22298,-0.22298,0.0,28.1,0,6,0,0,6,0,0,0.0
2026-05-23T11:34:42,5999.81,0,0,0,0.0,-0.193856,-0.193856,0.0,25.3,0,6,0,0,6,1,0,0.0
2026-05-23T11:35:10,9499.78,0,0,0,0.0,-0.22298,-0.22298,0.0,28.1,0,6,0,0,6,0,0,0.0
2026-05-23T11:35:42,5999.81,0,0,0,0.0,-0.193856,-0.193856,0.0,25.3,0,6,0,0,6,1,0,0.0
2026-05-23T11:36:12,9499.71,1,0,0,0.0,-0.285446,-0.285446,0.0,24.2,0,7,0,0,7,0,0,0.0
2026-05-23T11:36:42,5999.81,0,0,0,0.0,-0.193856,-0.193856,0.0,25.3,0,6,0,0,6,1,0,0.0
2026-05-23T11:37:15,9499.7,0,0,0,0.0,-0.302803,-0.302803,0.1111,23.4,1,8,0,0,9,0,0,0.0
2026-05-23T11:37:42,5999.81,0,0,0,0.0,-0.193856,-0.193856,0.0,25.3,0,6,0,0,6,1,0,0.0
2026-05-23T11:38:16,9499.62,0,0,0,0.0,-0.380543,-0.380543,0.0909,23.2,1,10,0,0,11,0,0,0.0
2026-05-23T11:38:42,5999.81,0,0,0,0.0,-0.193856,-0.193856,0.0,25.3,0,6,0,0,6,1,0,0.0
2026-05-23T11:39:17,9499.58,2,0,0,0.0,-0.418781,-0.418781,0.0833,23.5,1,11,0,0,12,0,0,0.0
2026-05-23T11:39:42,5999.81,0,0,0,0.0,-0.193856,-0.193856,0.0,25.3,0,6,0,0,6,1,0,0.0
2026-05-23T11:40:20,9499.57,1,0,0,0.0,-0.432144,-0.432144,0.0769,23.4,1,12,0,0,13,0,0,0.0
2026-05-23T11:40:42,5999.81,0,0,0,0.0,-0.193856,-0.193856,0.0,25.3,0,6,0,0,6,1,0,0.0
2026-05-23T11:41:22,9499.57,1,0,0,0.0,-0.432144,-0.432144,0.0769,23.4,1,12,0,0,13,0,0,0.0
2026-05-23T11:41:42,5999.81,0,0,0,0.0,-0.193856,-0.193856,0.0,25.3,0,6,0,0,6,1,0,0.0
2026-05-23T11:42:24,9499.57,2,0,0,0.0,-0.432144,-0.432144,0.0769,23.4,1,12,0,0,13,0,0,0.0
2026-05-23T11:42:43,5999.81,0,0,0,0.0,-0.193856,-0.193856,0.0,25.3,0,6,0,0,6,1,0,0.0
2026-05-23T11:43:26,9499.57,2,0,0,0.0,-0.432144,-0.432144,0.0769,23.4,1,12,0,0,13,0,0,0.0
2026-05-23T11:43:43,5999.81,1,0,0,0.0,-0.193856,-0.193856,0.0,25.3,0,6,0,0,6,1,0,0.0
2026-05-23T11:44:28,9499.57,2,0,0,0.0,-0.432144,-0.432144,0.0769,23.4,1,12,0,0,13,0,0,0.0
2026-05-23T11:44:43,5999.68,0,0,0,0.0,-0.315348,-0.315348,0.0,26.3,0,9,0,0,9,1,0,0.0
2026-05-23T11:45:31,9499.57,2,0,0,0.0,-0.432144,-0.432144,0.0769,23.4,1,12,0,0,13,0,0,0.0
2026-05-23T11:45:43,5999.63,1,2,0,0.0,-0.367953,-0.367953,0.0,25.7,0,10,0,0,10,1,0,0.0
2026-05-23T11:46:33,9499.57,2,0,0,0.0,-0.432144,-0.432144,0.0769,23.4,1,12,0,0,13,0,0,0.0
2026-05-23T11:46:43,5999.57,0,0,0,0.0,-0.434906,-0.434906,0.0,27.5,0,12,0,0,12,1,0,0.0
2026-05-23T11:47:35,9499.57,2,0,0,0.0,-0.432144,-0.432144,0.0769,23.4,1,12,0,0,13,0,0,0.0
2026-05-23T11:47:43,5999.57,0,0,0,0.0,-0.434906,-0.434906,0.0,27.5,0,12,0,0,12,1,0,0.0
2026-05-23T11:48:37,9499.57,2,0,0,0.0,-0.432144,-0.432144,0.0769,23.4,1,12,0,0,13,0,0,0.0
2026-05-23T11:48:43,5999.57,0,0,0,0.0,-0.434906,-0.434906,0.0,27.5,0,12,0,0,12,1,0,0.0
2026-05-23T11:49:39,9499.57,2,0,0,0.0,-0.432144,-0.432144,0.0769,23.4,1,12,0,0,13,0,0,0.0
2026-05-23T11:49:43,5999.57,0,0,0,0.0,-0.434906,-0.434906,0.0,27.5,0,12,0,0,12,1,0,0.0
2026-05-23T11:50:41,9499.57,2,0,0,0.0,-0.432144,-0.432144,0.0769,23.4,1,12,0,0,13,0,0,0.0
2026-05-23T11:50:43,5999.57,0,0,0,0.0,-0.434906,-0.434906,0.0,27.5,0,12,0,0,12,1,0,0.0
2026-05-23T11:51:43,5999.57,0,0,0,0.0,-0.434906,-0.434906,0.0,27.5,0,12,0,0,12,1,0,0.0
2026-05-23T11:51:43,9499.57,2,0,0,0.0,-0.432144,-0.432144,0.0769,23.4,1,12,0,0,13,0,0,0.0
2026-05-23T11:52:43,5999.57,0,0,0,0.0,-0.434906,-0.434906,0.0,27.5,0,12,0,0,12,1,0,0.0
2026-05-23T11:52:45,9499.57,2,0,0,0.0,-0.432144,-0.432144,0.0769,23.4,1,12,0,0,13,0,0,0.0
2026-05-23T11:53:43,5999.57,0,0,0,0.0,-0.434906,-0.434906,0.0,27.5,0,12,0,0,12,1,0,0.0
2026-05-23T11:53:47,9499.57,2,0,0,0.0,-0.432144,-0.432144,0.0769,23.4,1,12,0,0,13,0,0,0.0
2026-05-23T11:54:43,5999.57,0,0,0,0.0,-0.434906,-0.434906,0.0,27.5,0,12,0,0,12,1,0,0.0
2026-05-23T11:54:49,9499.57,3,0,0,0.0,-0.432144,-0.432144,0.0769,23.4,1,12,0,0,13,0,0,0.0
2026-05-23T11:55:43,5999.57,0,0,0,0.0,-0.434906,-0.434906,0.0,27.5,0,12,0,0,12,1,0,0.0
2026-05-23T11:55:51,9499.54,0,0,0,0.0,-0.457185,-0.457185,0.0714,23.3,1,13,0,0,14,0,0,0.0
2026-05-23T11:56:43,5999.57,0,0,0,0.0,-0.434906,-0.434906,0.0,27.5,0,12,0,0,12,1,0,0.0
2026-05-23T11:56:54,9499.54,0,0,0,0.0,-0.457185,-0.457185,0.0714,23.3,1,13,0,0,14,0,0,0.0
2026-05-23T11:57:43,5999.57,0,0,0,0.0,-0.434906,-0.434906,0.0,27.5,0,12,0,0,12,1,0,0.0
2026-05-23T11:57:55,9499.54,0,0,0,0.0,-0.457185,-0.457185,0.0714,23.3,1,13,0,0,14,0,0,0.0
2026-05-23T11:58:43,5999.57,0,0,0,0.0,-0.434906,-0.434906,0.0,27.5,0,12,0,0,12,1,0,0.0
2026-05-23T11:58:57,9499.54,0,0,0,0.0,-0.457185,-0.457185,0.0714,23.3,1,13,0,0,14,0,0,0.0
2026-05-23T11:59:43,5999.57,0,0,0,0.0,-0.434906,-0.434906,0.0,27.5,0,12,0,0,12,1,0,0.0
2026-05-23T12:00:00,9499.54,0,0,0,0.0,-0.457185,-0.457185,0.0714,23.3,1,13,0,0,14,0,0,0.0
2026-05-23T12:00:43,5999.57,0,0,0,0.0,-0.434906,-0.434906,0.0,27.5,0,12,0,0,12,1,0,0.0
2026-05-23T12:01:02,9499.54,0,0,0,0.0,-0.457185,-0.457185,0.0714,23.3,1,13,0,0,14,0,0,0.0
2026-05-23T12:01:43,5999.57,0,0,0,0.0,-0.434906,-0.434906,0.0,27.5,0,12,0,0,12,1,0,0.0
2026-05-23T12:02:04,9499.54,0,0,0,0.0,-0.457185,-0.457185,0.0714,23.3,1,13,0,0,14,0,0,0.0
2026-05-23T12:02:43,5999.57,0,0,0,0.0,-0.434906,-0.434906,0.0,27.5,0,12,0,0,12,1,0,0.0
2026-05-23T12:03:06,9499.54,0,0,0,0.0,-0.434749,-0.457185,0.0714,23.3,1,13,0,0,14,0,0,0.0
2026-05-23T12:03:43,5999.57,0,0,0,0.0,-0.434906,-0.434906,0.0,27.5,0,12,0,0,12,1,0,0.0
2026-05-23T12:04:08,9499.54,0,0,0,0.0,-0.397586,-0.457185,0.0714,23.3,1,13,0,0,14,0,0,0.0
2026-05-23T12:04:43,5999.57,0,0,0,0.0,-0.434906,-0.434906,0.0,27.5,0,12,0,0,12,1,0,0.0
2026-05-23T12:05:10,9499.54,0,0,0,0.0,-0.397586,-0.457185,0.0714,23.3,1,13,0,0,14,0,0,0.0
2026-05-23T12:05:43,5999.57,0,0,0,0.0,-0.434906,-0.434906,0.0,27.5,0,12,0,0,12,1,0,0.0
2026-05-23T12:06:13,9499.54,0,0,0,0.0,-0.304258,-0.457185,0.0714,23.3,1,13,0,0,14,0,0,0.0
2026-05-23T12:06:43,5999.57,0,0,0,0.0,-0.434906,-0.434906,0.0,27.5,0,12,0,0,12,1,0,0.0
2026-05-23T12:07:14,9499.54,0,0,0,0.0,-0.304258,-0.457185,0.0714,23.3,1,13,0,0,14,0,0,0.0
2026-05-23T12:07:43,5999.57,0,0,0,0.0,-0.434906,-0.434906,0.0,27.5,0,12,0,0,12,1,0,0.0
2026-05-23T12:08:17,9499.54,0,0,0,0.0,-0.234205,-0.457185,0.0714,23.3,1,13,0,0,14,0,0,0.0
2026-05-23T12:08:43,5999.57,0,0,0,0.0,-0.434906,-0.434906,0.0,27.5,0,12,0,0,12,1,0,0.0
2026-05-23T12:09:19,9499.54,0,0,0,0.0,-0.234205,-0.457185,0.0714,23.3,1,13,0,0,14,0,0,0.0
2026-05-23T12:09:43,5999.57,0,0,0,0.0,-0.434906,-0.434906,0.0,27.5,0,12,0,0,12,1,0,0.0
2026-05-23T12:10:22,9499.54,0,0,0,0.0,-0.234205,-0.457185,0.0714,23.3,1,13,0,0,14,0,0,0.0
2026-05-23T12:10:43,5999.57,0,0,0,0.0,-0.434906,-0.434906,0.0,27.5,0,12,0,0,12,1,0,0.0
2026-05-23T12:11:23,9499.54,0,0,0,0.0,-0.234205,-0.457185,0.0714,23.3,1,13,0,0,14,0,0,0.0
2026-05-23T12:11:43,5999.57,0,0,0,0.0,-0.434906,-0.434906,0.0,27.5,0,12,0,0,12,1,0,0.0
2026-05-23T12:12:25,9499.54,0,0,0,0.0,-0.234205,-0.457185,0.0714,23.3,1,13,0,0,14,0,0,0.0
2026-05-23T12:12:43,5999.57,0,0,0,0.0,-0.434906,-0.434906,0.0,27.5,0,12,0,0,12,1,0,0.0
2026-05-23T12:13:28,9499.54,0,0,0,0.0,-0.234205,-0.457185,0.0714,23.3,1,13,0,0,14,0,0,0.0
2026-05-23T12:13:43,5999.57,0,0,0,0.0,-0.434906,-0.434906,0.0,27.5,0,12,0,0,12,1,0,0.0
2026-05-23T12:14:30,9499.54,0,0,0,0.0,-0.234205,-0.457185,0.0714,23.3,1,13,0,0,14,0,0,0.0
2026-05-23T12:14:44,5999.57,0,0,0,0.0,-0.434906,-0.434906,0.0,27.5,0,12,0,0,12,1,0,0.0
2026-05-23T12:15:32,9499.54,0,0,0,0.0,-0.234205,-0.457185,0.0714,23.3,1,13,0,0,14,0,0,0.0
2026-05-23T12:15:44,5999.57,0,0,0,0.0,-0.42861,-0.434906,0.0,27.5,0,12,0,0,12,1,0,0.0
2026-05-23T12:16:34,9499.54,0,0,0,0.0,-0.234205,-0.457185,0.0714,23.3,1,13,0,0,14,0,0,0.0
2026-05-23T12:16:44,5999.53,0,0,0,0.0,-0.42861,-0.465241,0.0,27.0,0,13,0,0,13,1,0,0.0
2026-05-23T12:17:36,9499.54,0,0,0,0.0,-0.234205,-0.457185,0.0714,23.3,1,13,0,0,14,0,0,0.0
2026-05-23T12:17:44,5999.53,1,0,0,0.0,-0.42861,-0.465241,0.0,27.0,0,13,0,0,13,1,0,0.0
2026-05-23T12:18:40,9499.54,0,0,0,0.0,-0.234205,-0.457185,0.0714,23.3,1,13,0,0,14,0,0,0.0
2026-05-23T12:18:44,5999.53,1,0,0,0.0,-0.393679,-0.465241,0.0,27.0,0,13,0,0,13,1,0,0.0
2026-05-23T12:19:42,9499.54,0,0,0,0.0,-0.234205,-0.457185,0.0714,23.3,1,13,0,0,14,0,0,0.0
2026-05-23T12:19:44,5999.46,1,0,0,0.0,-0.470796,-0.542357,0.0,32.8,0,15,0,0,15,1,0,0.0
2026-05-23T12:20:44,5999.31,0,0,0,0.0,-0.547252,-0.691471,0.0,29.7,0,18,0,0,18,1,0,0.0
2026-05-23T12:20:46,9499.54,0,0,0,0.0,-0.234205,-0.457185,0.0714,23.3,1,13,0,0,14,0,0,0.0
2026-05-23T12:21:44,5999.31,0,0,0,0.0,-0.497615,-0.691471,0.0,29.7,0,18,0,0,18,1,0,0.0
2026-05-23T12:21:48,9499.54,0,0,0,0.0,-0.234205,-0.457185,0.0714,23.3,1,13,0,0,14,0,0,0.0
2026-05-23T12:22:44,5999.31,0,0,0,0.0,-0.497615,-0.691471,0.0,29.7,0,18,0,0,18,1,0,0.0
2026-05-23T12:22:51,9499.54,0,0,0,0.0,-0.234205,-0.457185,0.0714,23.3,1,13,0,0,14,0,0,0.0
2026-05-23T12:23:44,5999.31,0,0,0,0.0,-0.497615,-0.691471,0.0,29.7,0,18,0,0,18,1,0,0.0
2026-05-23T12:23:53,9499.54,0,0,0,0.0,-0.234205,-0.457185,0.0714,23.3,1,13,0,0,14,0,0,0.0
2026-05-23T12:24:44,5999.31,0,0,0,0.0,-0.497615,-0.691471,0.0,29.7,0,18,0,0,18,1,0,0.0
2026-05-23T12:24:56,9499.54,0,0,0,0.0,-0.234205,-0.457185,0.0714,23.3,1,13,0,0,14,0,0,0.0
2026-05-23T12:25:44,5999.31,0,0,0,0.0,-0.497615,-0.691471,0.0,29.7,0,18,0,0,18,1,0,0.0
2026-05-23T12:25:57,9499.44,0,0,0,0.0,-0.332835,-0.555815,0.0625,21.9,1,15,0,0,16,0,0,0.0
2026-05-23T12:26:44,5999.31,0,0,0,0.0,-0.497615,-0.691471,0.0,29.7,0,18,0,0,18,1,0,0.0
2026-05-23T12:26:59,9499.36,1,0,0,0.0,-0.419153,-0.642134,0.0556,21.6,1,17,0,0,18,0,0,0.0
2026-05-23T12:27:44,5999.31,0,0,0,0.0,-0.497615,-0.691471,0.0,29.7,0,18,0,0,18,1,0,0.0
2026-05-23T12:28:01,9499.32,0,0,0,0.0,-0.456149,-0.679129,0.0526,21.6,1,18,0,0,19,0,0,0.0
2026-05-23T12:28:44,5999.31,0,0,0,0.0,-0.497615,-0.691471,0.0,29.7,0,18,0,0,18,1,0,0.0
2026-05-23T12:29:04,9499.32,1,0,0,0.0,-0.456149,-0.679129,0.0526,21.6,1,18,0,0,19,0,0,0.0
2026-05-23T12:29:44,5999.31,0,0,0,0.0,-0.497615,-0.691471,0.0,29.7,0,18,0,0,18,1,0,0.0
2026-05-23T12:30:05,9499.25,0,0,0,0.0,-0.525272,-0.748252,0.05,21.5,1,19,0,0,20,0,0,0.0
2026-05-23T12:30:44,5999.31,0,0,0,0.0,-0.497615,-0.691471,0.0,29.7,0,18,0,0,18,1,0,0.0
2026-05-23T12:31:07,9499.25,0,0,0,0.0,-0.525272,-0.748252,0.05,21.5,1,19,0,0,20,0,0,0.0
2026-05-23T12:31:44,5999.31,0,0,0,0.0,-0.497615,-0.691471,0.0,29.7,0,18,0,0,18,1,0,0.0
2026-05-23T12:32:08,9499.25,0,0,0,0.0,-0.525272,-0.748252,0.05,21.5,1,19,0,0,20,0,0,0.0
2026-05-23T12:32:44,5999.31,0,0,0,0.0,-0.497615,-0.691471,0.0,29.7,0,18,0,0,18,1,0,0.0
2026-05-23T12:33:11,9499.25,0,0,0,0.0,-0.525272,-0.748252,0.05,21.5,1,19,0,0,20,0,0,0.0
2026-05-23T12:33:44,5999.31,0,0,0,0.0,-0.497615,-0.691471,0.0,29.7,0,18,0,0,18,1,0,0.0
2026-05-23T12:34:13,9499.25,0,0,0,0.0,-0.525272,-0.748252,0.05,21.5,1,19,0,0,20,0,0,0.0
2026-05-23T12:34:44,5999.31,0,0,0,0.0,-0.497615,-0.691471,0.0,29.7,0,18,0,0,18,1,0,0.0
2026-05-23T12:35:15,9499.25,0,0,0,0.0,-0.525272,-0.748252,0.05,21.5,1,19,0,0,20,0,0,0.0
2026-05-23T12:35:44,5999.31,0,0,0,0.0,-0.497615,-0.691471,0.0,29.7,0,18,0,0,18,1,0,0.0
2026-05-23T12:36:17,9499.25,0,0,0,0.0,-0.525272,-0.748252,0.05,21.5,1,19,0,0,20,0,0,0.0
2026-05-23T12:36:44,5999.31,0,0,0,0.0,-0.497615,-0.691471,0.0,29.7,0,18,0,0,18,1,0,0.0
2026-05-23T12:37:20,9499.25,0,0,0,0.0,-0.525272,-0.748252,0.05,21.5,1,19,0,0,20,0,0,0.0
2026-05-23T12:37:44,5999.31,0,0,0,0.0,-0.497615,-0.691471,0.0,29.7,0,18,0,0,18,1,0,0.0
2026-05-23T12:38:22,9499.25,0,0,0,0.0,-0.462806,-0.748252,0.05,21.5,1,19,0,0,20,0,0,0.0
2026-05-23T12:38:44,5999.31,0,0,0,0.0,-0.497615,-0.691471,0.0,29.7,0,18,0,0,18,1,0,0.0
2026-05-23T12:39:25,9499.25,0,0,0,0.0,-0.445449,-0.748252,0.05,21.5,1,19,0,0,20,0,0,0.0
2026-05-23T12:39:44,5999.31,0,0,0,0.0,-0.497615,-0.691471,0.0,29.7,0,18,0,0,18,1,0,0.0
2026-05-23T12:40:27,9499.25,0,0,0,0.0,-0.367709,-0.748252,0.05,21.5,1,19,0,0,20,0,0,0.0
2026-05-23T12:40:44,5999.31,0,0,0,0.0,-0.497615,-0.691471,0.0,29.7,0,18,0,0,18,1,0,0.0
2026-05-23T12:41:29,9499.25,0,0,0,0.0,-0.329471,-0.748252,0.05,21.5,1,19,0,0,20,0,0,0.0
2026-05-23T12:41:44,5999.31,0,0,0,0.0,-0.497615,-0.691471,0.0,29.7,0,18,0,0,18,1,0,0.0
2026-05-23T12:42:31,9499.25,0,0,0,0.0,-0.316108,-0.748252,0.05,21.5,1,19,0,0,20,0,0,0.0
2026-05-23T12:42:44,5999.31,0,0,0,0.0,-0.497615,-0.691471,0.0,29.7,0,18,0,0,18,1,0,0.0
2026-05-23T12:43:33,9499.25,0,0,0,0.0,-0.316108,-0.748252,0.05,21.5,1,19,0,0,20,0,0,0.0
2026-05-23T12:43:44,5999.31,0,0,0,0.0,-0.497615,-0.691471,0.0,29.7,0,18,0,0,18,1,0,0.0
2026-05-23T12:44:43,9499.25,0,0,0,0.0,-0.316108,-0.748252,0.05,21.5,1,19,0,0,20,0,0,0.0
2026-05-23T12:44:44,5999.31,0,0,0,0.0,-0.497615,-0.691471,0.0,29.7,0,18,0,0,18,1,0,0.0
2026-05-23T12:45:44,5999.31,0,0,0,0.0,-0.497615,-0.691471,0.0,29.7,0,18,0,0,18,1,0,0.0
2026-05-23T12:45:45,9499.25,0,0,0,0.0,-0.316108,-0.748252,0.05,21.5,1,19,0,0,20,0,0,0.0
2026-05-23T12:46:44,5999.31,0,0,0,0.0,-0.497615,-0.691471,0.0,29.7,0,18,0,0,18,1,0,0.0
2026-05-23T12:46:48,9499.25,0,0,0,0.0,-0.316108,-0.748252,0.05,21.5,1,19,0,0,20,0,0,0.0
2026-05-23T12:47:44,5999.31,0,0,0,0.0,-0.497615,-0.691471,0.0,29.7,0,18,0,0,18,1,0,0.0
2026-05-23T12:47:50,9499.25,0,0,0,0.0,-0.316108,-0.748252,0.05,21.5,1,19,0,0,20,0,0,0.0
2026-05-23T12:48:44,5999.31,0,0,0,0.0,-0.497615,-0.691471,0.0,29.7,0,18,0,0,18,1,0,0.0
2026-05-23T12:48:52,9499.25,0,0,0,0.0,-0.316108,-0.748252,0.05,21.5,1,19,0,0,20,0,0,0.0
2026-05-23T12:49:44,5999.31,0,0,0,0.0,-0.497615,-0.691471,0.0,29.7,0,18,0,0,18,1,0,0.0
2026-05-23T12:49:55,9499.25,0,0,0,0.0,-0.316108,-0.748252,0.05,21.5,1,19,0,0,20,0,0,0.0
2026-05-23T12:50:44,5999.25,0,2,0,0.0,-0.560077,-0.753933,0.0,28.2,0,19,0,0,19,1,0,0.0
2026-05-23T12:50:57,9499.25,0,0,0,0.0,-0.316108,-0.748252,0.05,21.5,1,19,0,0,20,0,0,0.0
2026-05-23T12:51:44,5999.25,1,0,0,0.0,-0.560077,-0.753933,0.0,28.2,0,19,0,0,19,1,0,0.0
2026-05-23T12:51:59,9499.25,0,0,0,0.0,-0.316108,-0.748252,0.05,21.5,1,19,0,0,20,0,0,0.0
2026-05-23T12:52:45,5999.25,1,0,0,0.0,-0.560077,-0.753933,0.0,28.2,0,19,0,0,19,1,0,0.0
2026-05-23T12:53:01,9499.25,0,0,0,0.0,-0.316108,-0.748252,0.05,21.5,1,19,0,0,20,0,0,0.0
2026-05-23T12:53:45,5999.22,1,0,0,0.0,-0.467354,-0.782702,0.0,32.8,0,20,0,0,20,1,0,0.0
2026-05-23T12:54:02,9499.25,0,0,0,0.0,-0.316108,-0.748252,0.05,21.5,1,19,0,0,20,0,0,0.0
2026-05-23T12:54:45,5999.16,0,0,2,-0.058814,-0.467354,-0.841516,0.0,32.6,0,22,0,0,22,1,0,0.0
2026-05-23T12:55:04,9499.25,0,0,0,0.0,-0.316108,-0.748252,0.05,21.5,1,19,0,0,20,0,0,0.0
2026-05-23T12:55:45,5999.03,0,0,0,0.0,-0.598067,-0.96602,0.0,31.6,0,24,0,0,24,1,0,0.0
2026-05-23T12:56:06,9499.25,0,0,0,0.0,-0.316108,-0.748252,0.05,21.5,1,19,0,0,20,0,0,0.0
2026-05-23T12:56:45,5999.03,0,0,0,0.0,-0.531114,-0.96602,0.0,31.6,0,24,0,0,24,1,0,0.0
2026-05-23T12:57:08,9499.25,0,0,0,0.0,-0.316108,-0.748252,0.05,21.5,1,19,0,0,20,0,0,0.0
2026-05-23T12:57:45,5999.03,0,0,0,0.0,-0.531114,-0.96602,0.0,31.6,0,24,0,0,24,1,0,0.0
2026-05-23T12:58:11,9499.25,0,0,0,0.0,-0.291067,-0.748252,0.05,21.5,1,19,0,0,20,0,0,0.0
2026-05-23T12:58:45,5999.03,0,0,0,0.0,-0.531114,-0.96602,0.0,31.6,0,24,0,0,24,1,0,0.0
2026-05-23T12:59:13,9499.25,0,0,0,0.0,-0.291067,-0.748252,0.05,21.5,1,19,0,0,20,0,0,0.0
2026-05-23T12:59:45,5999.03,0,0,0,0.0,-0.531114,-0.96602,0.0,31.6,0,24,0,0,24,1,0,0.0
2026-05-23T13:00:14,9499.16,1,0,0,0.0,-0.383904,-0.841089,0.0455,21.3,1,21,0,0,22,0,0,0.0
2026-05-23T13:00:45,5999.03,0,0,0,0.0,-0.531114,-0.96602,0.0,31.6,0,24,0,0,24,1,0,0.0
2026-05-23T13:01:16,9499.13,1,0,0,0.0,-0.41021,-0.867395,0.0435,21.6,1,22,0,0,23,0,0,0.0
2026-05-23T13:01:45,5999.03,0,0,0,0.0,-0.531114,-0.96602,0.0,31.6,0,24,0,0,24,1,0,0.0
2026-05-23T13:02:19,9499.13,1,0,0,0.0,-0.41021,-0.867395,0.0435,21.6,1,22,0,0,23,0,0,0.0
2026-05-23T13:02:45,5999.03,0,0,0,0.0,-0.531114,-0.96602,0.0,31.6,0,24,0,0,24,1,0,0.0
2026-05-23T13:03:21,9499.12,1,0,0,0.0,-0.426482,-0.883667,0.0417,25.7,1,23,0,0,24,0,0,0.0
2026-05-23T13:03:45,5999.03,0,0,0,0.0,-0.531114,-0.96602,0.0,31.6,0,24,0,0,24,1,0,0.0
2026-05-23T13:04:23,9499.09,0,0,0,0.0,-0.450703,-0.907888,0.04,25.5,1,24,0,0,25,0,0,0.0
2026-05-23T13:04:45,5999.03,0,0,0,0.0,-0.531114,-0.96602,0.0,31.6,0,24,0,0,24,1,0,0.0
2026-05-23T13:05:26,9499.09,0,0,0,0.0,-0.450703,-0.907888,0.04,25.5,1,24,0,0,25,0,0,0.0
2026-05-23T13:05:45,5999.03,0,0,0,0.0,-0.531114,-0.96602,0.0,31.6,0,24,0,0,24,1,0,0.0
2026-05-23T13:06:27,9499.09,0,0,0,0.0,-0.450703,-0.907888,0.04,25.5,1,24,0,0,25,0,0,0.0
2026-05-23T13:06:45,5999.03,0,0,0,0.0,-0.531114,-0.96602,0.0,31.6,0,24,0,0,24,1,0,0.0
2026-05-23T13:07:29,9499.09,0,0,0,0.0,-0.450703,-0.907888,0.04,25.5,1,24,0,0,25,0,0,0.0
2026-05-23T13:07:45,5999.03,0,0,0,0.0,-0.531114,-0.96602,0.0,31.6,0,24,0,0,24,1,0,0.0
2026-05-23T13:08:32,9499.09,0,0,0,0.0,-0.450703,-0.907888,0.04,25.5,1,24,0,0,25,0,0,0.0
2026-05-23T13:08:45,5999.03,0,0,0,0.0,-0.531114,-0.96602,0.0,31.6,0,24,0,0,24,1,0,0.0
2026-05-23T13:09:34,9499.09,0,0,0,0.0,-0.450703,-0.907888,0.04,25.5,1,24,0,0,25,0,0,0.0
2026-05-23T13:09:45,5999.03,0,0,0,0.0,-0.531114,-0.96602,0.0,31.6,0,24,0,0,24,1,0,0.0
2026-05-23T13:10:36,9499.09,0,0,0,0.0,-0.450703,-0.907888,0.04,25.5,1,24,0,0,25,0,0,0.0
2026-05-23T13:10:45,5999.03,0,0,0,0.0,-0.531114,-0.96602,0.0,31.6,0,24,0,0,24,1,0,0.0
2026-05-23T13:11:38,9499.09,0,0,0,0.0,-0.450703,-0.907888,0.04,25.5,1,24,0,0,25,0,0,0.0
2026-05-23T13:11:45,5999.03,0,0,0,0.0,-0.531114,-0.96602,0.0,31.6,0,24,0,0,24,1,0,0.0
2026-05-23T13:12:40,9499.09,0,0,0,0.0,-0.450703,-0.907888,0.04,25.5,1,24,0,0,25,0,0,0.0
2026-05-23T13:12:45,5999.03,0,0,0,0.0,-0.531114,-0.96602,0.0,31.6,0,24,0,0,24,1,0,0.0
2026-05-23T13:13:42,9499.09,0,0,0,0.0,-0.450703,-0.907888,0.04,25.5,1,24,0,0,25,0,0,0.0
2026-05-23T13:13:45,5999.03,0,0,0,0.0,-0.531114,-0.96602,0.0,31.6,0,24,0,0,24,1,0,0.0
2026-05-23T13:14:44,9499.09,0,0,0,0.0,-0.450703,-0.907888,0.04,25.5,1,24,0,0,25,0,0,0.0
2026-05-23T13:14:45,5999.03,0,0,0,0.0,-0.531114,-0.96602,0.0,31.6,0,24,0,0,24,1,0,0.0
2026-05-23T13:15:45,5999.03,0,0,0,0.0,-0.531114,-0.96602,0.0,31.6,0,24,0,0,24,1,0,0.0
2026-05-23T13:15:46,9499.09,0,0,0,0.0,-0.450703,-0.907888,0.04,25.5,1,24,0,0,25,0,0,0.0
2026-05-23T13:16:45,5999.03,0,0,0,0.0,-0.531114,-0.96602,0.0,31.6,0,24,0,0,24,1,0,0.0
2026-05-23T13:16:47,9499.09,0,0,0,0.0,-0.450703,-0.907888,0.04,25.5,1,24,0,0,25,0,0,0.0
2026-05-23T13:17:45,5999.03,0,0,0,0.0,-0.531114,-0.96602,0.0,31.6,0,24,0,0,24,1,0,0.0
2026-05-23T13:17:49,9499.09,0,0,0,0.0,-0.450703,-0.907888,0.04,25.5,1,24,0,0,25,0,0,0.0
2026-05-23T13:18:45,5999.03,0,0,0,0.0,-0.531114,-0.96602,0.0,31.6,0,24,0,0,24,1,0,0.0
2026-05-23T13:18:51,9499.09,1,0,0,0.0,-0.450703,-0.907888,0.04,25.5,1,24,0,0,25,0,0,0.0
2026-05-23T13:19:45,5999.03,0,0,0,0.0,-0.531114,-0.96602,0.0,31.6,0,24,0,0,24,1,0,0.0
2026-05-23T13:19:53,9499.07,0,0,0,0.0,-0.471676,-0.928861,0.0385,25.9,1,25,0,0,26,0,0,0.0
2026-05-23T13:20:45,5999.03,0,0,0,0.0,-0.531114,-0.96602,0.0,31.6,0,24,0,0,24,1,0,0.0
2026-05-23T13:20:56,9499.07,0,0,0,0.0,-0.471676,-0.928861,0.0385,25.9,1,25,0,0,26,0,0,0.0
2026-05-23T13:21:45,5999.03,0,0,0,0.0,-0.531114,-0.96602,0.0,31.6,0,24,0,0,24,1,0,0.0
2026-05-23T13:21:58,9499.07,0,0,0,0.0,-0.471676,-0.928861,0.0385,25.9,1,25,0,0,26,0,0,0.0
2026-05-23T13:22:45,5999.03,0,0,0,0.0,-0.531114,-0.96602,0.0,31.6,0,24,0,0,24,1,0,0.0
2026-05-23T13:23:00,9499.07,0,0,0,0.0,-0.471676,-0.928861,0.0385,25.9,1,25,0,0,26,0,0,0.0
2026-05-23T13:23:45,5999.03,0,0,0,0.0,-0.531114,-0.96602,0.0,31.6,0,24,0,0,24,1,0,0.0
2026-05-23T13:24:02,9499.07,0,0,0,0.0,-0.471676,-0.928861,0.0385,25.9,1,25,0,0,26,0,0,0.0
2026-05-23T13:24:45,5999.03,0,0,0,0.0,-0.531114,-0.96602,0.0,31.6,0,24,0,0,24,1,0,0.0
2026-05-23T13:25:04,9499.07,0,0,0,0.0,-0.471676,-0.928861,0.0385,25.9,1,25,0,0,26,0,0,0.0
2026-05-23T13:25:45,5998.97,1,0,0,0.0,-0.591721,-1.026627,0.0,30.4,0,25,0,0,25,1,0,0.0
2026-05-23T13:26:06,9499.07,0,0,0,0.0,-0.471676,-0.928861,0.0385,25.9,1,25,0,0,26,0,0,0.0
2026-05-23T13:26:45,5998.93,1,0,0,0.0,-0.632305,-1.067211,0.0,30.1,0,27,0,0,27,1,0,0.0
2026-05-23T13:27:09,9499.07,0,0,0,0.0,-0.471676,-0.928861,0.0385,25.9,1,25,0,0,26,0,0,0.0
2026-05-23T13:27:45,5998.9,1,0,1,-0.031229,-0.632305,-1.09844,0.0,29.8,0,28,0,0,28,1,0,0.0
2026-05-23T13:28:10,9499.07,0,0,0,0.0,-0.373045,-0.928861,0.0385,25.9,1,25,0,0,26,0,0,0.0
2026-05-23T13:28:45,5998.88,2,0,0,0.0,-0.659253,-1.124494,0.0,30.0,0,29,0,0,29,1,0,0.0
2026-05-23T13:29:12,9499.07,0,0,0,0.0,-0.286727,-0.928861,0.0385,25.9,1,25,0,0,26,0,0,0.0
2026-05-23T13:29:45,5998.81,0,0,0,0.0,-0.721712,-1.186953,0.0,29.7,0,30,0,0,30,1,0,0.25
2026-05-23T13:30:13,9499.07,0,0,0,0.0,-0.249732,-0.928861,0.0385,25.9,1,25,0,0,26,0,0,0.0
2026-05-23T13:30:45,5998.81,0,0,0,0.0,-0.644596,-1.186953,0.0,29.7,0,30,0,0,30,1,0,0.25
2026-05-23T13:31:16,9499.07,0,0,0,0.0,-0.249732,-0.928861,0.0385,25.9,1,25,0,0,26,0,0,0.0
2026-05-23T13:31:45,5998.81,0,0,0,0.0,-0.495482,-1.186953,0.0,29.7,0,30,0,0,30,1,0,0.25
2026-05-23T13:32:17,9499.07,0,0,0,0.0,-0.180609,-0.928861,0.0385,25.9,1,25,0,0,26,0,0,0.0
2026-05-23T13:32:45,5998.81,0,0,0,0.0,-0.495482,-1.186953,0.0,29.7,0,30,0,0,30,1,0,0.25
2026-05-23T13:33:19,9499.07,0,0,0,0.0,-0.180609,-0.928861,0.0385,25.9,1,25,0,0,26,0,0,0.0
2026-05-23T13:33:45,5998.81,0,0,0,0.0,-0.495482,-1.186953,0.0,29.7,0,30,0,0,30,1,0,0.25
2026-05-23T13:34:22,9499.07,0,0,0,0.0,-0.180609,-0.928861,0.0385,25.9,1,25,0,0,26,0,0,0.0
2026-05-23T13:34:45,5998.81,0,0,0,0.0,-0.495482,-1.186953,0.0,29.7,0,30,0,0,30,1,0,0.25
2026-05-23T13:35:24,9499.07,0,0,0,0.0,-0.180609,-0.928861,0.0385,25.9,1,25,0,0,26,0,0,0.0
2026-05-23T13:35:45,5998.81,0,0,0,0.0,-0.495482,-1.186953,0.0,29.7,0,30,0,0,30,1,0,0.25
2026-05-23T13:36:26,9499.07,0,0,0,0.0,-0.180609,-0.928861,0.0385,25.9,1,25,0,0,26,0,0,0.0
2026-05-23T13:36:45,5998.81,0,0,0,0.0,-0.495482,-1.186953,0.0,29.7,0,30,0,0,30,1,0,0.25
2026-05-23T13:37:30,9499.07,0,0,0,0.0,-0.180609,-0.928861,0.0385,25.9,1,25,0,0,26,0,0,0.0
2026-05-23T13:37:45,5998.81,0,0,0,0.0,-0.495482,-1.186953,0.0,29.7,0,30,0,0,30,1,0,0.25
2026-05-23T13:38:31,9499.07,0,0,0,0.0,-0.180609,-0.928861,0.0385,25.9,1,25,0,0,26,0,0,0.0
2026-05-23T13:38:45,5998.81,0,0,0,0.0,-0.495482,-1.186953,0.0,29.7,0,30,0,0,30,1,0,0.25
2026-05-23T13:39:33,9499.07,0,0,0,0.0,-0.180609,-0.928861,0.0385,25.9,1,25,0,0,26,0,0,0.0
2026-05-23T13:39:45,5998.81,0,0,0,0.0,-0.495482,-1.186953,0.0,29.7,0,30,0,0,30,1,0,0.25
2026-05-23T13:40:35,9499.07,0,0,0,0.0,-0.180609,-0.928861,0.0385,25.9,1,25,0,0,26,0,0,0.0
2026-05-23T13:40:45,5998.81,0,0,0,0.0,-0.495482,-1.186953,0.0,29.7,0,30,0,0,30,1,0,0.25
2026-05-23T13:41:37,9499.07,0,0,0,0.0,-0.180609,-0.928861,0.0385,25.9,1,25,0,0,26,0,0,0.0
2026-05-23T13:41:45,5998.81,0,0,0,0.0,-0.495482,-1.186953,0.0,29.7,0,30,0,0,30,1,0,0.25
2026-05-23T13:42:39,9499.07,0,0,0,0.0,-0.180609,-0.928861,0.0385,25.9,1,25,0,0,26,0,0,0.0
2026-05-23T13:42:45,5998.81,0,0,0,0.0,-0.495482,-1.186953,0.0,29.7,0,30,0,0,30,1,0,0.25
2026-05-23T13:43:41,9499.07,0,0,0,0.0,-0.180609,-0.928861,0.0385,25.9,1,25,0,0,26,0,0,0.0
2026-05-23T13:43:45,5998.81,0,0,0,0.0,-0.495482,-1.186953,0.0,29.7,0,30,0,0,30,1,0,0.25
2026-05-23T13:44:43,9499.07,0,0,0,0.0,-0.180609,-0.928861,0.0385,25.9,1,25,0,0,26,0,0,0.0
2026-05-23T13:44:45,5998.81,0,0,0,0.0,-0.495482,-1.186953,0.0,29.7,0,30,0,0,30,1,0,0.25
2026-05-23T13:45:45,5998.81,0,0,0,0.0,-0.495482,-1.186953,0.0,29.7,0,30,0,0,30,1,0,0.25
2026-05-23T13:45:45,9499.07,0,0,0,0.0,-0.180609,-0.928861,0.0385,25.9,1,25,0,0,26,0,0,0.0
2026-05-23T13:46:45,5998.81,0,0,0,0.0,-0.495482,-1.186953,0.0,29.7,0,30,0,0,30,1,0,0.25
2026-05-23T13:46:47,9499.07,0,0,0,0.0,-0.180609,-0.928861,0.0385,25.9,1,25,0,0,26,0,0,0.0
