ts,equity,open_pos,quotes,fills_min,pnl_min,pnl_hour,pnl_day,win_rate,avg_hold_s,wins,losses,stops,tps,max_holds,reconnections,wavelet_alerts,pick_rate
2026-04-23T06:39:35,500.0,1,0,0,0.0,0.0,0.0,0.0,0.0,0,0,0,0,0,0,0,0.0
2026-04-23T06:40:35,499.96,0,0,0,0.0,-0.037242,-0.037242,0.0,60.1,0,1,0,0,1,0,0,0.0
2026-04-23T06:41:35,499.96,0,0,0,0.0,-0.037242,-0.037242,0.0,60.1,0,1,0,0,1,0,0,0.0
2026-04-23T06:42:35,499.96,0,0,0,0.0,-0.037242,-0.037242,0.0,60.1,0,1,0,0,1,0,0,0.0
2026-04-23T06:43:35,499.96,0,0,0,0.0,-0.037242,-0.037242,0.0,60.1,0,1,0,0,1,0,0,0.0
2026-04-23T06:44:35,499.96,0,0,0,0.0,-0.037242,-0.037242,0.0,60.1,0,1,0,0,1,0,0,0.0
2026-04-23T06:45:35,499.96,0,0,0,0.0,-0.037242,-0.037242,0.0,60.1,0,1,0,0,1,0,0,0.0
2026-04-23T06:46:35,499.96,0,0,0,0.0,-0.037242,-0.037242,0.0,60.1,0,1,0,0,1,0,0,0.0
2026-04-23T06:47:35,499.96,1,0,0,0.0,-0.037242,-0.037242,0.0,60.1,0,1,0,0,1,0,0,0.0
2026-04-23T06:48:35,499.91,0,0,0,0.0,-0.089848,-0.089848,0.0,60.2,0,2,0,0,2,0,0,0.0
2026-04-23T06:49:35,499.91,0,0,0,0.0,-0.089848,-0.089848,0.0,60.2,0,2,0,0,2,0,0,0.0
2026-04-23T06:50:35,499.91,0,0,0,0.0,-0.089848,-0.089848,0.0,60.2,0,2,0,0,2,0,0,0.0
2026-04-23T06:51:35,499.91,0,0,0,0.0,-0.089848,-0.089848,0.0,60.2,0,2,0,0,2,0,0,0.0
2026-04-23T06:52:35,499.91,0,0,0,0.0,-0.089848,-0.089848,0.0,60.2,0,2,0,0,2,0,0,0.0
2026-04-23T06:53:35,499.91,0,0,0,0.0,-0.089848,-0.089848,0.0,60.2,0,2,0,0,2,0,0,0.0
2026-04-23T06:54:35,499.91,0,0,0,0.0,-0.089848,-0.089848,0.0,60.2,0,2,0,0,2,0,0,0.0
2026-04-23T06:55:35,499.91,0,0,0,0.0,-0.089848,-0.089848,0.0,60.2,0,2,0,0,2,0,0,0.0
2026-04-23T06:56:35,499.91,0,0,0,0.0,-0.089848,-0.089848,0.0,60.2,0,2,0,0,2,0,0,0.0
2026-04-23T06:57:35,499.91,0,0,0,0.0,-0.089848,-0.089848,0.0,60.2,0,2,0,0,2,0,0,0.0
2026-04-23T06:58:35,499.91,0,0,0,0.0,-0.089848,-0.089848,0.0,60.2,0,2,0,0,2,0,0,0.0
2026-04-23T06:59:35,499.91,0,0,0,0.0,-0.089848,-0.089848,0.0,60.2,0,2,0,0,2,0,0,0.0
2026-04-23T07:00:35,499.91,0,0,0,0.0,-0.089848,-0.089848,0.0,60.2,0,2,0,0,2,0,0,0.0
2026-04-23T07:01:35,499.91,0,0,0,0.0,-0.089848,-0.089848,0.0,60.2,0,2,0,0,2,0,0,0.0
2026-04-23T07:02:35,499.91,0,0,0,0.0,-0.089848,-0.089848,0.0,60.2,0,2,0,0,2,0,0,0.0
2026-04-23T07:03:35,499.91,0,0,0,0.0,-0.089848,-0.089848,0.0,60.2,0,2,0,0,2,0,0,0.0
2026-04-23T07:04:35,499.91,0,0,0,0.0,-0.089848,-0.089848,0.0,60.2,0,2,0,0,2,0,0,0.0
2026-04-23T07:05:35,499.91,0,0,0,0.0,-0.089848,-0.089848,0.0,60.2,0,2,0,0,2,0,0,0.0
2026-04-23T07:06:35,499.91,0,0,0,0.0,-0.089848,-0.089848,0.0,60.2,0,2,0,0,2,0,0,0.0
2026-04-23T07:07:35,499.91,0,0,0,0.0,-0.089848,-0.089848,0.0,60.2,0,2,0,0,2,0,0,0.0
2026-04-23T07:08:35,499.91,0,0,0,0.0,-0.089848,-0.089848,0.0,60.2,0,2,0,0,2,0,0,0.0
2026-04-23T07:09:35,499.91,0,0,0,0.0,-0.089848,-0.089848,0.0,60.2,0,2,0,0,2,0,0,0.0
2026-04-23T07:10:35,499.91,0,0,0,0.0,-0.089848,-0.089848,0.0,60.2,0,2,0,0,2,0,0,0.0
2026-04-23T07:11:35,499.91,0,0,0,0.0,-0.089848,-0.089848,0.0,60.2,0,2,0,0,2,0,0,0.0
2026-04-23T07:12:35,499.91,0,0,0,0.0,-0.089848,-0.089848,0.0,60.2,0,2,0,0,2,0,0,0.0
2026-04-23T07:13:35,499.91,0,0,0,0.0,-0.089848,-0.089848,0.0,60.2,0,2,0,0,2,0,0,0.0
2026-04-23T07:14:35,499.91,0,0,0,0.0,-0.089848,-0.089848,0.0,60.2,0,2,0,0,2,0,0,0.0
2026-04-23T07:15:35,499.91,0,0,0,0.0,-0.089848,-0.089848,0.0,60.2,0,2,0,0,2,0,0,0.0
2026-04-23T07:16:35,499.91,0,0,0,0.0,-0.089848,-0.089848,0.0,60.2,0,2,0,0,2,0,0,0.0
2026-04-23T07:17:35,499.91,0,0,0,0.0,-0.089848,-0.089848,0.0,60.2,0,2,0,0,2,0,0,0.0
2026-04-23T07:18:35,499.91,0,0,0,0.0,-0.089848,-0.089848,0.0,60.2,0,2,0,0,2,0,0,0.0
2026-04-23T07:19:35,499.91,0,0,0,0.0,-0.089848,-0.089848,0.0,60.2,0,2,0,0,2,0,0,0.0
2026-04-23T07:20:35,499.91,0,0,0,0.0,-0.089848,-0.089848,0.0,60.2,0,2,0,0,2,0,0,0.0
2026-04-23T07:21:35,499.91,0,0,0,0.0,-0.089848,-0.089848,0.0,60.2,0,2,0,0,2,0,0,0.0
2026-04-23T07:22:35,499.91,0,0,0,0.0,-0.089848,-0.089848,0.0,60.2,0,2,0,0,2,0,0,0.0
2026-04-23T07:23:35,499.91,0,0,0,0.0,-0.089848,-0.089848,0.0,60.2,0,2,0,0,2,0,0,0.0
2026-04-23T07:24:35,499.91,0,0,0,0.0,-0.089848,-0.089848,0.0,60.2,0,2,0,0,2,0,0,0.0
2026-04-23T07:25:35,499.91,0,0,0,0.0,-0.089848,-0.089848,0.0,60.2,0,2,0,0,2,0,0,0.0
2026-04-23T07:26:35,499.91,0,0,0,0.0,-0.089848,-0.089848,0.0,60.2,0,2,0,0,2,0,0,0.0
2026-04-23T07:27:35,499.91,0,0,0,0.0,-0.089848,-0.089848,0.0,60.2,0,2,0,0,2,0,0,0.0
2026-04-23T07:28:35,499.91,0,0,0,0.0,-0.089848,-0.089848,0.0,60.2,0,2,0,0,2,0,0,0.0
2026-04-23T07:29:35,499.91,0,0,0,0.0,-0.089848,-0.089848,0.0,60.2,0,2,0,0,2,0,0,0.0
2026-04-23T07:30:35,499.91,0,0,0,0.0,-0.089848,-0.089848,0.0,60.2,0,2,0,0,2,0,0,0.0
2026-04-23T07:31:35,499.91,0,0,0,0.0,-0.089848,-0.089848,0.0,60.2,0,2,0,0,2,0,0,0.0
2026-04-23T07:32:35,499.91,0,0,0,0.0,-0.089848,-0.089848,0.0,60.2,0,2,0,0,2,0,0,0.0
2026-04-23T07:33:35,499.91,0,0,0,0.0,-0.089848,-0.089848,0.0,60.2,0,2,0,0,2,0,0,0.0
2026-04-23T07:34:35,499.91,0,0,0,0.0,-0.089848,-0.089848,0.0,60.2,0,2,0,0,2,0,0,0.0
2026-04-23T07:35:35,499.91,0,0,0,0.0,-0.089848,-0.089848,0.0,60.2,0,2,0,0,2,0,0,0.0
2026-04-23T07:36:35,499.91,0,0,0,0.0,-0.089848,-0.089848,0.0,60.2,0,2,0,0,2,0,0,0.0
2026-04-23T07:37:35,499.91,0,0,0,0.0,-0.089848,-0.089848,0.0,60.2,0,2,0,0,2,0,0,0.0
2026-04-23T07:38:35,499.91,0,0,0,0.0,-0.089848,-0.089848,0.0,60.2,0,2,0,0,2,0,0,0.0
2026-04-23T07:39:35,499.91,0,0,0,0.0,-0.089848,-0.089848,0.0,60.2,0,2,0,0,2,0,0,0.0
2026-04-23T07:40:35,499.91,0,0,0,0.0,-0.089848,-0.089848,0.0,60.2,0,2,0,0,2,0,0,0.0
2026-04-23T07:41:35,499.91,0,0,0,0.0,-0.089848,-0.089848,0.0,60.2,0,2,0,0,2,0,0,0.0
2026-04-23T07:42:35,499.91,0,0,0,0.0,-0.089848,-0.089848,0.0,60.2,0,2,0,0,2,0,0,0.0
2026-04-23T07:43:35,499.91,0,0,0,0.0,-0.089848,-0.089848,0.0,60.2,0,2,0,0,2,0,0,0.0
2026-04-23T07:44:35,499.91,0,0,0,0.0,-0.089848,-0.089848,0.0,60.2,0,2,0,0,2,0,0,0.0
2026-04-23T07:45:35,499.91,0,0,0,0.0,-0.089848,-0.089848,0.0,60.2,0,2,0,0,2,0,0,0.0
2026-04-23T07:46:35,499.91,0,0,0,0.0,-0.089848,-0.089848,0.0,60.2,0,2,0,0,2,0,0,0.0
2026-04-23T07:47:35,499.91,0,0,0,0.0,-0.089848,-0.089848,0.0,60.2,0,2,0,0,2,0,0,0.0
2026-04-23T07:48:35,499.91,0,0,0,0.0,-0.089848,-0.089848,0.0,60.2,0,2,0,0,2,0,0,0.0
2026-04-23T07:49:35,499.91,0,0,0,0.0,-0.089848,-0.089848,0.0,60.2,0,2,0,0,2,0,0,0.0
2026-04-23T07:50:35,499.91,0,0,0,0.0,-0.089848,-0.089848,0.0,60.2,0,2,0,0,2,0,0,0.0
2026-04-23T07:51:35,499.91,0,0,0,0.0,-0.089848,-0.089848,0.0,60.2,0,2,0,0,2,0,0,0.0
2026-04-23T07:52:35,499.91,0,0,0,0.0,-0.089848,-0.089848,0.0,60.2,0,2,0,0,2,0,0,0.0
2026-04-23T07:53:35,499.91,0,0,0,0.0,-0.052607,-0.089848,0.0,60.2,0,2,0,0,2,0,0,0.0
2026-04-23T07:54:35,499.91,0,0,0,0.0,-0.052607,-0.089848,0.0,60.2,0,2,0,0,2,0,0,0.0
2026-04-23T07:55:35,499.91,0,0,0,0.0,-0.052607,-0.089848,0.0,60.2,0,2,0,0,2,0,0,0.0
2026-04-23T07:56:35,499.91,0,0,0,0.0,-0.052607,-0.089848,0.0,60.2,0,2,0,0,2,0,0,0.0
2026-04-23T07:57:35,499.91,0,0,0,0.0,-0.052607,-0.089848,0.0,60.2,0,2,0,0,2,0,0,0.0
2026-04-23T07:58:35,499.91,0,0,0,0.0,-0.052607,-0.089848,0.0,60.2,0,2,0,0,2,0,0,0.0
2026-04-23T07:59:35,499.91,0,0,0,0.0,-0.052607,-0.089848,0.0,60.2,0,2,0,0,2,0,0,0.0
2026-04-23T08:00:35,499.91,1,0,0,0.0,0.0,-0.089848,0.0,60.2,0,2,0,0,2,0,0,0.0
2026-04-23T08:01:35,499.85,0,0,1,-0.05627,0.0,-0.146118,0.0,60.2,0,3,0,0,3,0,0,0.0
2026-04-23T08:02:35,499.85,1,0,0,0.0,-0.05627,-0.146118,0.0,60.2,0,3,0,0,3,0,0,0.0
2026-04-23T08:03:35,499.85,0,0,0,0.0,-0.062108,-0.151957,0.0,60.2,0,4,0,0,4,0,0,0.0
2026-04-23T08:04:35,499.85,0,0,0,0.0,-0.062108,-0.151957,0.0,60.2,0,4,0,0,4,0,0,0.0
2026-04-23T08:05:35,499.85,0,0,0,0.0,-0.062108,-0.151957,0.0,60.2,0,4,0,0,4,0,0,0.0
2026-04-23T08:06:35,499.85,0,0,0,0.0,-0.062108,-0.151957,0.0,60.2,0,4,0,0,4,0,0,0.0
2026-04-23T08:07:35,499.85,0,0,0,0.0,-0.062108,-0.151957,0.0,60.2,0,4,0,0,4,0,0,0.0
2026-04-23T08:08:35,499.85,0,0,0,0.0,-0.062108,-0.151957,0.0,60.2,0,4,0,0,4,0,0,0.0
2026-04-23T08:09:35,499.85,0,0,0,0.0,-0.062108,-0.151957,0.0,60.2,0,4,0,0,4,0,0,0.0
2026-04-23T08:10:35,499.85,0,0,0,0.0,-0.062108,-0.151957,0.0,60.2,0,4,0,0,4,0,0,0.0
2026-04-23T08:11:35,499.85,0,0,0,0.0,-0.062108,-0.151957,0.0,60.2,0,4,0,0,4,0,0,0.0
2026-04-23T08:12:35,499.85,0,0,0,0.0,-0.062108,-0.151957,0.0,60.2,0,4,0,0,4,0,0,0.0
2026-04-23T08:13:35,499.85,0,0,0,0.0,-0.062108,-0.151957,0.0,60.2,0,4,0,0,4,0,0,0.0
2026-04-23T08:14:35,499.85,0,0,0,0.0,-0.062108,-0.151957,0.0,60.2,0,4,0,0,4,0,0,0.0
2026-04-23T08:15:35,499.85,0,0,0,0.0,-0.062108,-0.151957,0.0,60.2,0,4,0,0,4,0,0,0.0
2026-04-23T08:16:35,499.85,0,0,0,0.0,-0.062108,-0.151957,0.0,60.2,0,4,0,0,4,0,0,0.0
2026-04-23T08:17:35,499.85,0,0,0,0.0,-0.062108,-0.151957,0.0,60.2,0,4,0,0,4,0,0,0.0
2026-04-23T08:18:35,499.85,0,0,0,0.0,-0.062108,-0.151957,0.0,60.2,0,4,0,0,4,0,0,0.0
2026-04-23T08:19:35,499.85,0,0,0,0.0,-0.062108,-0.151957,0.0,60.2,0,4,0,0,4,0,0,0.0
2026-04-23T08:20:35,499.85,0,0,0,0.0,-0.062108,-0.151957,0.0,60.2,0,4,0,0,4,0,0,0.0
2026-04-23T08:21:35,499.85,0,0,0,0.0,-0.062108,-0.151957,0.0,60.2,0,4,0,0,4,0,0,0.0
2026-04-23T08:22:35,499.85,0,0,0,0.0,-0.062108,-0.151957,0.0,60.2,0,4,0,0,4,0,0,0.0
2026-04-23T08:23:35,499.85,0,0,0,0.0,-0.062108,-0.151957,0.0,60.2,0,4,0,0,4,0,0,0.0
2026-04-23T08:24:35,499.85,0,0,0,0.0,-0.062108,-0.151957,0.0,60.2,0,4,0,0,4,0,0,0.0
2026-04-23T08:25:35,499.85,0,0,0,0.0,-0.062108,-0.151957,0.0,60.2,0,4,0,0,4,0,0,0.0
2026-04-23T08:26:35,499.85,0,0,0,0.0,-0.062108,-0.151957,0.0,60.2,0,4,0,0,4,0,0,0.0
2026-04-23T08:27:35,499.85,0,0,0,0.0,-0.062108,-0.151957,0.0,60.2,0,4,0,0,4,0,0,0.0
2026-04-23T08:28:35,499.85,0,0,0,0.0,-0.062108,-0.151957,0.0,60.2,0,4,0,0,4,0,0,0.0
2026-04-23T08:29:35,499.85,0,0,0,0.0,-0.062108,-0.151957,0.0,60.2,0,4,0,0,4,0,0,0.0
2026-04-23T08:30:35,499.85,0,0,0,0.0,-0.062108,-0.151957,0.0,60.2,0,4,0,0,4,0,0,0.0
2026-04-23T08:31:35,499.85,0,0,0,0.0,-0.062108,-0.151957,0.0,60.2,0,4,0,0,4,0,0,0.0
2026-04-23T08:32:35,499.85,0,0,0,0.0,-0.062108,-0.151957,0.0,60.2,0,4,0,0,4,0,0,0.0
2026-04-23T08:33:35,499.85,0,0,0,0.0,-0.062108,-0.151957,0.0,60.2,0,4,0,0,4,0,0,0.0
2026-04-23T08:34:35,499.85,0,0,0,0.0,-0.062108,-0.151957,0.0,60.2,0,4,0,0,4,0,0,0.0
2026-04-23T08:35:35,499.85,0,0,0,0.0,-0.062108,-0.151957,0.0,60.2,0,4,0,0,4,0,0,0.0
2026-04-23T08:36:35,499.85,0,0,0,0.0,-0.062108,-0.151957,0.0,60.2,0,4,0,0,4,0,0,0.0
2026-04-23T08:37:35,499.85,0,0,0,0.0,-0.062108,-0.151957,0.0,60.2,0,4,0,0,4,0,0,0.0
2026-04-23T08:38:35,499.85,0,0,0,0.0,-0.062108,-0.151957,0.0,60.2,0,4,0,0,4,0,0,0.0
2026-04-23T08:39:35,499.85,0,0,0,0.0,-0.062108,-0.151957,0.0,60.2,0,4,0,0,4,0,0,0.0
2026-04-23T08:40:35,499.85,0,0,0,0.0,-0.062108,-0.151957,0.0,60.2,0,4,0,0,4,0,0,0.0
2026-04-23T08:41:35,499.85,0,0,0,0.0,-0.062108,-0.151957,0.0,60.2,0,4,0,0,4,0,0,0.0
2026-04-23T08:42:35,499.85,0,0,0,0.0,-0.062108,-0.151957,0.0,60.2,0,4,0,0,4,0,0,0.0
2026-04-23T08:43:35,499.85,0,0,0,0.0,-0.062108,-0.151957,0.0,60.2,0,4,0,0,4,0,0,0.0
2026-04-23T08:44:35,499.85,0,0,0,0.0,-0.062108,-0.151957,0.0,60.2,0,4,0,0,4,0,0,0.0
2026-04-23T08:45:35,499.85,0,0,0,0.0,-0.062108,-0.151957,0.0,60.2,0,4,0,0,4,0,0,0.0
2026-04-23T08:46:36,499.85,0,0,0,0.0,-0.062108,-0.151957,0.0,60.2,0,4,0,0,4,0,0,0.0
2026-04-23T08:47:36,499.85,0,0,0,0.0,-0.062108,-0.151957,0.0,60.2,0,4,0,0,4,0,0,0.0
2026-04-23T08:48:36,499.85,0,0,0,0.0,-0.062108,-0.151957,0.0,60.2,0,4,0,0,4,0,0,0.0
2026-04-23T08:49:36,499.85,0,0,0,0.0,-0.062108,-0.151957,0.0,60.2,0,4,0,0,4,0,0,0.0
2026-04-23T08:50:36,499.85,0,0,0,0.0,-0.062108,-0.151957,0.0,60.2,0,4,0,0,4,0,0,0.0
2026-04-23T08:51:36,499.85,0,0,0,0.0,-0.062108,-0.151957,0.0,60.2,0,4,0,0,4,0,0,0.0
2026-04-23T08:52:36,499.85,0,0,0,0.0,-0.062108,-0.151957,0.0,60.2,0,4,0,0,4,0,0,0.0
2026-04-23T08:53:36,499.85,0,0,0,0.0,-0.062108,-0.151957,0.0,60.2,0,4,0,0,4,0,0,0.0
2026-04-23T08:54:36,499.85,0,0,0,0.0,-0.062108,-0.151957,0.0,60.2,0,4,0,0,4,0,0,0.0
2026-04-23T08:55:36,499.85,0,0,0,0.0,-0.062108,-0.151957,0.0,60.2,0,4,0,0,4,0,0,0.0
2026-04-23T08:56:36,499.85,0,0,0,0.0,-0.062108,-0.151957,0.0,60.2,0,4,0,0,4,0,0,0.0
2026-04-23T08:57:36,499.85,0,0,0,0.0,-0.062108,-0.151957,0.0,60.2,0,4,0,0,4,0,0,0.0
2026-04-23T08:58:36,499.85,0,0,0,0.0,-0.062108,-0.151957,0.0,60.2,0,4,0,0,4,0,0,0.0
2026-04-23T08:59:36,499.85,0,0,0,0.0,-0.062108,-0.151957,0.0,60.2,0,4,0,0,4,0,0,0.0
2026-04-23T09:00:36,499.85,0,0,0,0.0,-0.062108,-0.151957,0.0,60.2,0,4,0,0,4,0,0,0.0
2026-04-23T09:01:36,499.85,0,0,0,0.0,-0.062108,-0.151957,0.0,60.2,0,4,0,0,4,0,0,0.0
2026-04-23T09:02:36,499.85,0,0,0,0.0,-0.062108,-0.151957,0.0,60.2,0,4,0,0,4,0,0,0.0
2026-04-23T09:03:36,499.85,0,0,0,0.0,-0.062108,-0.151957,0.0,60.2,0,4,0,0,4,0,0,0.0
2026-04-23T09:04:36,499.85,0,0,0,0.0,-0.062108,-0.151957,0.0,60.2,0,4,0,0,4,0,0,0.0
2026-04-23T09:05:36,499.85,0,0,0,0.0,-0.062108,-0.151957,0.0,60.2,0,4,0,0,4,0,0,0.0
2026-04-23T09:06:36,499.85,0,0,0,0.0,-0.062108,-0.151957,0.0,60.2,0,4,0,0,4,0,0,0.0
2026-04-23T09:07:36,499.85,0,0,0,0.0,-0.062108,-0.151957,0.0,60.2,0,4,0,0,4,0,0,0.0
2026-04-23T09:08:36,499.85,0,0,0,0.0,-0.062108,-0.151957,0.0,60.2,0,4,0,0,4,0,0,0.0
2026-04-23T09:09:36,499.85,0,0,0,0.0,-0.062108,-0.151957,0.0,60.2,0,4,0,0,4,0,0,0.0
2026-04-23T09:10:36,499.85,0,0,0,0.0,-0.062108,-0.151957,0.0,60.2,0,4,0,0,4,0,0,0.0
2026-04-23T09:11:36,499.85,0,0,0,0.0,-0.062108,-0.151957,0.0,60.2,0,4,0,0,4,0,0,0.0
2026-04-23T09:12:36,499.85,0,0,0,0.0,-0.062108,-0.151957,0.0,60.2,0,4,0,0,4,0,0,0.0
2026-04-23T09:13:36,499.85,0,0,0,0.0,-0.005839,-0.151957,0.0,60.2,0,4,0,0,4,0,0,0.0
2026-04-23T09:14:36,499.85,0,0,0,0.0,0.0,-0.151957,0.0,60.2,0,4,0,0,4,0,0,0.0
2026-04-23T09:15:36,499.85,0,0,0,0.0,0.0,-0.151957,0.0,60.2,0,4,0,0,4,0,0,0.0
2026-04-23T09:16:36,499.85,0,0,0,0.0,0.0,-0.151957,0.0,60.2,0,4,0,0,4,0,0,0.0
2026-04-23T09:17:36,499.85,0,0,0,0.0,0.0,-0.151957,0.0,60.2,0,4,0,0,4,0,0,0.0
2026-04-23T09:18:36,499.85,0,0,0,0.0,0.0,-0.151957,0.0,60.2,0,4,0,0,4,0,0,0.0
2026-04-23T09:19:36,499.85,0,0,0,0.0,0.0,-0.151957,0.0,60.2,0,4,0,0,4,0,0,0.0
2026-04-23T09:20:36,499.85,0,0,0,0.0,0.0,-0.151957,0.0,60.2,0,4,0,0,4,0,0,0.0
2026-04-23T09:21:36,499.85,0,0,0,0.0,0.0,-0.151957,0.0,60.2,0,4,0,0,4,0,0,0.0
2026-04-23T09:22:36,499.85,0,0,0,0.0,0.0,-0.151957,0.0,60.2,0,4,0,0,4,0,0,0.0
2026-04-23T09:23:36,499.85,0,0,0,0.0,0.0,-0.151957,0.0,60.2,0,4,0,0,4,0,0,0.0
2026-04-23T09:24:36,499.85,0,0,0,0.0,0.0,-0.151957,0.0,60.2,0,4,0,0,4,0,0,0.0
2026-04-23T09:25:36,499.85,0,0,0,0.0,0.0,-0.151957,0.0,60.2,0,4,0,0,4,0,0,0.0
2026-04-23T09:26:36,499.85,0,0,0,0.0,0.0,-0.151957,0.0,60.2,0,4,0,0,4,0,0,0.0
2026-04-23T09:27:36,499.85,0,0,0,0.0,0.0,-0.151957,0.0,60.2,0,4,0,0,4,0,0,0.0
2026-04-23T09:28:36,499.85,0,0,0,0.0,0.0,-0.151957,0.0,60.2,0,4,0,0,4,0,0,0.0
2026-04-23T09:29:36,499.85,0,0,0,0.0,0.0,-0.151957,0.0,60.2,0,4,0,0,4,0,0,0.0
2026-04-23T09:30:36,499.85,0,0,0,0.0,0.0,-0.151957,0.0,60.2,0,4,0,0,4,0,0,0.0
2026-04-23T09:31:36,499.85,0,0,0,0.0,0.0,-0.151957,0.0,60.2,0,4,0,0,4,0,0,0.0
2026-04-23T09:32:36,499.85,0,0,0,0.0,0.0,-0.151957,0.0,60.2,0,4,0,0,4,0,0,0.0
2026-04-23T09:33:36,499.85,0,0,0,0.0,0.0,-0.151957,0.0,60.2,0,4,0,0,4,0,0,0.0
2026-04-23T09:34:36,499.85,0,0,0,0.0,0.0,-0.151957,0.0,60.2,0,4,0,0,4,0,0,0.0
2026-04-23T09:35:36,499.85,0,0,0,0.0,0.0,-0.151957,0.0,60.2,0,4,0,0,4,0,0,0.0
2026-04-23T09:36:36,499.85,0,0,0,0.0,0.0,-0.151957,0.0,60.2,0,4,0,0,4,0,0,0.0
2026-04-23T09:37:36,499.85,0,0,0,0.0,0.0,-0.151957,0.0,60.2,0,4,0,0,4,0,0,0.0
2026-04-23T09:38:36,499.85,0,0,0,0.0,0.0,-0.151957,0.0,60.2,0,4,0,0,4,0,0,0.0
2026-04-23T09:39:36,499.85,0,0,0,0.0,0.0,-0.151957,0.0,60.2,0,4,0,0,4,0,0,0.0
2026-04-23T09:40:36,499.85,0,0,0,0.0,0.0,-0.151957,0.0,60.2,0,4,0,0,4,0,0,0.0
2026-04-23T09:41:36,499.85,0,0,0,0.0,0.0,-0.151957,0.0,60.2,0,4,0,0,4,0,0,0.0
2026-04-23T09:42:36,499.85,0,0,0,0.0,0.0,-0.151957,0.0,60.2,0,4,0,0,4,0,0,0.0
2026-04-23T09:43:36,499.85,0,0,0,0.0,0.0,-0.151957,0.0,60.2,0,4,0,0,4,0,0,0.0
2026-04-23T09:44:36,499.85,0,0,0,0.0,0.0,-0.151957,0.0,60.2,0,4,0,0,4,0,0,0.0
2026-04-23T09:45:36,499.85,0,0,0,0.0,0.0,-0.151957,0.0,60.2,0,4,0,0,4,0,0,0.0
2026-04-23T09:46:36,499.85,0,0,0,0.0,0.0,-0.151957,0.0,60.2,0,4,0,0,4,0,0,0.0
2026-04-23T09:47:36,499.85,0,0,0,0.0,0.0,-0.151957,0.0,60.2,0,4,0,0,4,0,0,0.0
2026-04-23T09:48:36,499.85,0,0,0,0.0,0.0,-0.151957,0.0,60.2,0,4,0,0,4,0,0,0.0
2026-04-23T09:49:36,499.85,0,0,0,0.0,0.0,-0.151957,0.0,60.2,0,4,0,0,4,0,0,0.0
2026-04-23T09:50:36,499.85,0,0,0,0.0,0.0,-0.151957,0.0,60.2,0,4,0,0,4,0,0,0.0
2026-04-23T09:51:36,499.85,0,0,0,0.0,0.0,-0.151957,0.0,60.2,0,4,0,0,4,0,0,0.0
2026-04-23T09:52:36,499.85,0,0,0,0.0,0.0,-0.151957,0.0,60.2,0,4,0,0,4,0,0,0.0
2026-04-23T09:53:36,499.85,0,0,0,0.0,0.0,-0.151957,0.0,60.2,0,4,0,0,4,0,0,0.0
2026-04-23T09:54:36,499.85,0,0,0,0.0,0.0,-0.151957,0.0,60.2,0,4,0,0,4,0,0,0.0
2026-04-23T09:55:36,499.85,0,0,0,0.0,0.0,-0.151957,0.0,60.2,0,4,0,0,4,0,0,0.0
2026-04-23T09:56:36,499.85,0,0,0,0.0,0.0,-0.151957,0.0,60.2,0,4,0,0,4,0,0,0.0
2026-04-23T09:57:36,499.85,0,0,0,0.0,0.0,-0.151957,0.0,60.2,0,4,0,0,4,0,0,0.0
2026-04-23T09:58:36,499.85,0,0,0,0.0,0.0,-0.151957,0.0,60.2,0,4,0,0,4,0,0,0.0
2026-04-23T09:59:36,499.85,0,0,0,0.0,0.0,-0.151957,0.0,60.2,0,4,0,0,4,0,0,0.0
2026-04-23T10:00:36,499.85,0,0,0,0.0,0.0,-0.151957,0.0,60.2,0,4,0,0,4,0,0,0.0
2026-04-23T10:01:36,499.85,0,0,0,0.0,0.0,-0.151957,0.0,60.2,0,4,0,0,4,0,0,0.0
2026-04-23T10:02:36,499.85,0,0,0,0.0,0.0,-0.151957,0.0,60.2,0,4,0,0,4,0,0,0.0
2026-04-23T10:03:36,499.85,0,0,0,0.0,0.0,-0.151957,0.0,60.2,0,4,0,0,4,0,0,0.0
2026-04-23T10:04:36,499.85,0,0,0,0.0,0.0,-0.151957,0.0,60.2,0,4,0,0,4,0,0,0.0
2026-04-23T10:05:36,499.85,0,0,0,0.0,0.0,-0.151957,0.0,60.2,0,4,0,0,4,0,0,0.0
2026-04-23T10:06:36,499.85,0,0,0,0.0,0.0,-0.151957,0.0,60.2,0,4,0,0,4,0,0,0.0
2026-04-23T10:07:36,499.85,0,0,0,0.0,0.0,-0.151957,0.0,60.2,0,4,0,0,4,0,0,0.0
2026-04-23T10:08:36,499.85,0,0,0,0.0,0.0,-0.151957,0.0,60.2,0,4,0,0,4,0,0,0.0
2026-04-23T10:09:36,499.85,0,0,0,0.0,0.0,-0.151957,0.0,60.2,0,4,0,0,4,0,0,0.0
2026-04-23T10:10:36,499.85,0,0,0,0.0,0.0,-0.151957,0.0,60.2,0,4,0,0,4,0,0,0.0
2026-04-23T10:11:36,499.85,0,0,0,0.0,0.0,-0.151957,0.0,60.2,0,4,0,0,4,0,0,0.0
2026-04-23T10:12:36,499.85,0,0,0,0.0,0.0,-0.151957,0.0,60.2,0,4,0,0,4,0,0,0.0
2026-04-23T10:13:36,499.85,0,0,0,0.0,0.0,-0.151957,0.0,60.2,0,4,0,0,4,0,0,0.0
2026-04-23T10:14:36,499.85,0,0,0,0.0,0.0,-0.151957,0.0,60.2,0,4,0,0,4,0,0,0.0
2026-04-23T10:15:36,499.85,0,0,0,0.0,0.0,-0.151957,0.0,60.2,0,4,0,0,4,0,0,0.0
2026-04-23T10:16:36,499.85,0,0,0,0.0,0.0,-0.151957,0.0,60.2,0,4,0,0,4,0,0,0.0
2026-04-23T10:17:36,499.85,0,0,0,0.0,0.0,-0.151957,0.0,60.2,0,4,0,0,4,0,0,0.0
2026-04-23T10:18:36,499.85,0,0,0,0.0,0.0,-0.151957,0.0,60.2,0,4,0,0,4,0,0,0.0
2026-04-23T10:19:36,499.85,0,0,0,0.0,0.0,-0.151957,0.0,60.2,0,4,0,0,4,0,0,0.0
2026-04-23T10:20:37,499.85,0,0,0,0.0,0.0,-0.151957,0.0,60.2,0,4,0,0,4,0,0,0.0
2026-04-23T10:21:37,499.85,0,0,0,0.0,0.0,-0.151957,0.0,60.2,0,4,0,0,4,0,0,0.0
2026-04-23T10:22:37,499.85,0,0,0,0.0,0.0,-0.151957,0.0,60.2,0,4,0,0,4,0,0,0.0
2026-04-23T10:23:37,499.85,0,0,0,0.0,0.0,-0.151957,0.0,60.2,0,4,0,0,4,0,0,0.0
2026-04-23T10:24:37,499.85,0,0,0,0.0,0.0,-0.151957,0.0,60.2,0,4,0,0,4,0,0,0.0
2026-04-23T10:25:37,499.85,0,0,0,0.0,0.0,-0.151957,0.0,60.2,0,4,0,0,4,0,0,0.0
2026-04-23T10:26:37,499.85,0,0,0,0.0,0.0,-0.151957,0.0,60.2,0,4,0,0,4,0,0,0.0
2026-04-23T10:27:37,499.85,0,0,0,0.0,0.0,-0.151957,0.0,60.2,0,4,0,0,4,0,0,0.0
2026-04-23T10:28:37,499.85,0,0,0,0.0,0.0,-0.151957,0.0,60.2,0,4,0,0,4,0,0,0.0
2026-04-23T10:29:37,499.85,0,0,0,0.0,0.0,-0.151957,0.0,60.2,0,4,0,0,4,0,0,0.0
2026-04-23T10:30:37,499.85,0,0,0,0.0,0.0,-0.151957,0.0,60.2,0,4,0,0,4,0,0,0.0
2026-04-23T10:31:37,499.85,0,0,0,0.0,0.0,-0.151957,0.0,60.2,0,4,0,0,4,0,0,0.0
2026-04-23T10:32:37,499.85,0,0,0,0.0,0.0,-0.151957,0.0,60.2,0,4,0,0,4,0,0,0.0
2026-04-23T10:33:37,499.85,0,0,0,0.0,0.0,-0.151957,0.0,60.2,0,4,0,0,4,0,0,0.0
2026-04-23T10:34:37,499.85,0,0,0,0.0,0.0,-0.151957,0.0,60.2,0,4,0,0,4,0,0,0.0
2026-04-23T10:35:37,499.85,0,0,0,0.0,0.0,-0.151957,0.0,60.2,0,4,0,0,4,0,0,0.0
2026-04-23T10:36:37,499.85,0,0,0,0.0,0.0,-0.151957,0.0,60.2,0,4,0,0,4,0,0,0.0
2026-04-23T10:37:37,499.85,0,0,0,0.0,0.0,-0.151957,0.0,60.2,0,4,0,0,4,0,0,0.0
2026-04-23T10:38:37,499.85,0,0,0,0.0,0.0,-0.151957,0.0,60.2,0,4,0,0,4,0,0,0.0
2026-04-23T10:39:37,499.85,0,0,0,0.0,0.0,-0.151957,0.0,60.2,0,4,0,0,4,0,0,0.0
2026-04-23T10:40:37,499.85,0,0,0,0.0,0.0,-0.151957,0.0,60.2,0,4,0,0,4,0,0,0.0
2026-04-23T10:41:37,499.85,0,0,0,0.0,0.0,-0.151957,0.0,60.2,0,4,0,0,4,0,0,0.0
2026-04-23T10:42:37,499.85,0,0,0,0.0,0.0,-0.151957,0.0,60.2,0,4,0,0,4,0,0,0.0
2026-04-23T10:43:37,499.85,0,0,0,0.0,0.0,-0.151957,0.0,60.2,0,4,0,0,4,0,0,0.0
2026-04-23T10:44:37,499.85,0,0,0,0.0,0.0,-0.151957,0.0,60.2,0,4,0,0,4,0,0,0.0
2026-04-23T10:45:37,499.85,0,0,0,0.0,0.0,-0.151957,0.0,60.2,0,4,0,0,4,0,0,0.0
2026-04-23T10:46:37,499.85,0,0,0,0.0,0.0,-0.151957,0.0,60.2,0,4,0,0,4,0,0,0.0
2026-04-23T10:47:37,499.85,0,0,0,0.0,0.0,-0.151957,0.0,60.2,0,4,0,0,4,0,0,0.0
2026-04-23T10:48:37,499.85,0,0,0,0.0,0.0,-0.151957,0.0,60.2,0,4,0,0,4,0,0,0.0
2026-04-23T10:49:37,499.85,0,0,0,0.0,0.0,-0.151957,0.0,60.2,0,4,0,0,4,0,0,0.0
2026-04-23T10:50:37,499.85,0,0,0,0.0,0.0,-0.151957,0.0,60.2,0,4,0,0,4,0,0,0.0
2026-04-23T10:51:37,499.85,0,0,0,0.0,0.0,-0.151957,0.0,60.2,0,4,0,0,4,0,0,0.0
2026-04-23T10:52:37,499.85,0,0,0,0.0,0.0,-0.151957,0.0,60.2,0,4,0,0,4,0,0,0.0
2026-04-23T10:53:37,499.85,0,0,0,0.0,0.0,-0.151957,0.0,60.2,0,4,0,0,4,0,0,0.0
2026-04-23T10:54:37,499.85,0,0,0,0.0,0.0,-0.151957,0.0,60.2,0,4,0,0,4,0,0,0.0
2026-04-23T10:55:37,499.85,0,0,0,0.0,0.0,-0.151957,0.0,60.2,0,4,0,0,4,0,0,0.0
2026-04-23T10:56:37,499.85,0,0,0,0.0,0.0,-0.151957,0.0,60.2,0,4,0,0,4,0,0,0.0
2026-04-23T10:57:37,499.85,0,0,0,0.0,0.0,-0.151957,0.0,60.2,0,4,0,0,4,0,0,0.0
2026-04-23T10:58:37,499.85,0,0,0,0.0,0.0,-0.151957,0.0,60.2,0,4,0,0,4,0,0,0.0
2026-04-23T10:59:37,499.85,0,0,0,0.0,0.0,-0.151957,0.0,60.2,0,4,0,0,4,0,0,0.0
2026-04-23T11:00:37,499.85,0,0,0,0.0,0.0,-0.151957,0.0,60.2,0,4,0,0,4,0,0,0.0
2026-04-23T11:01:37,499.85,0,0,0,0.0,0.0,-0.151957,0.0,60.2,0,4,0,0,4,0,0,0.0
2026-04-23T11:02:37,499.85,0,0,0,0.0,0.0,-0.151957,0.0,60.2,0,4,0,0,4,0,0,0.0
2026-04-23T11:03:37,499.85,0,0,0,0.0,0.0,-0.151957,0.0,60.2,0,4,0,0,4,0,0,0.0
2026-04-23T11:04:37,499.85,0,0,0,0.0,0.0,-0.151957,0.0,60.2,0,4,0,0,4,0,0,0.0
2026-04-23T11:05:37,499.85,0,0,0,0.0,0.0,-0.151957,0.0,60.2,0,4,0,0,4,0,0,0.0
2026-04-23T11:06:37,499.85,0,0,0,0.0,0.0,-0.151957,0.0,60.2,0,4,0,0,4,0,0,0.0
2026-04-23T11:07:37,499.85,0,0,0,0.0,0.0,-0.151957,0.0,60.2,0,4,0,0,4,0,0,0.0
2026-04-23T11:08:37,499.85,0,0,0,0.0,0.0,-0.151957,0.0,60.2,0,4,0,0,4,0,0,0.0
2026-04-23T11:09:37,499.85,0,0,0,0.0,0.0,-0.151957,0.0,60.2,0,4,0,0,4,0,0,0.0
2026-04-23T11:10:37,499.85,0,0,0,0.0,0.0,-0.151957,0.0,60.2,0,4,0,0,4,0,0,0.0
2026-04-23T11:11:37,499.85,0,0,0,0.0,0.0,-0.151957,0.0,60.2,0,4,0,0,4,0,0,0.0
2026-04-23T11:12:37,499.85,0,0,0,0.0,0.0,-0.151957,0.0,60.2,0,4,0,0,4,0,0,0.0
2026-04-23T11:13:37,499.85,0,0,0,0.0,0.0,-0.151957,0.0,60.2,0,4,0,0,4,0,0,0.0
2026-04-23T11:14:37,499.85,0,0,0,0.0,0.0,-0.151957,0.0,60.2,0,4,0,0,4,0,0,0.0
2026-04-23T11:15:37,499.85,0,0,0,0.0,0.0,-0.151957,0.0,60.2,0,4,0,0,4,0,0,0.0
2026-04-23T11:16:37,499.85,0,0,0,0.0,0.0,-0.151957,0.0,60.2,0,4,0,0,4,0,0,0.0
2026-04-23T11:17:37,499.85,0,0,0,0.0,0.0,-0.151957,0.0,60.2,0,4,0,0,4,0,0,0.0
2026-04-23T11:18:37,499.85,0,0,0,0.0,0.0,-0.151957,0.0,60.2,0,4,0,0,4,0,0,0.0
2026-04-23T11:19:37,499.85,0,0,0,0.0,0.0,-0.151957,0.0,60.2,0,4,0,0,4,0,0,0.0
2026-04-23T11:20:37,499.85,0,0,0,0.0,0.0,-0.151957,0.0,60.2,0,4,0,0,4,0,0,0.0
2026-04-23T11:21:37,499.85,0,0,0,0.0,0.0,-0.151957,0.0,60.2,0,4,0,0,4,0,0,0.0
2026-04-23T11:22:37,499.85,0,0,0,0.0,0.0,-0.151957,0.0,60.2,0,4,0,0,4,0,0,0.0
2026-04-23T11:23:37,499.85,0,0,0,0.0,0.0,-0.151957,0.0,60.2,0,4,0,0,4,0,0,0.0
2026-04-23T11:24:37,499.85,0,0,0,0.0,0.0,-0.151957,0.0,60.2,0,4,0,0,4,0,0,0.0
2026-04-23T11:25:37,499.85,0,0,0,0.0,0.0,-0.151957,0.0,60.2,0,4,0,0,4,0,0,0.0
2026-04-23T11:26:37,499.85,0,0,0,0.0,0.0,-0.151957,0.0,60.2,0,4,0,0,4,0,0,0.0
2026-04-23T11:27:37,499.85,0,0,0,0.0,0.0,-0.151957,0.0,60.2,0,4,0,0,4,0,0,0.0
2026-04-23T11:28:37,499.85,0,0,0,0.0,0.0,-0.151957,0.0,60.2,0,4,0,0,4,0,0,0.0
2026-04-23T11:29:37,499.85,0,0,0,0.0,0.0,-0.151957,0.0,60.2,0,4,0,0,4,0,0,0.0
2026-04-23T11:30:37,499.85,0,0,0,0.0,0.0,-0.151957,0.0,60.2,0,4,0,0,4,0,0,0.0
2026-04-23T11:31:37,499.85,0,0,0,0.0,0.0,-0.151957,0.0,60.2,0,4,0,0,4,0,0,0.0
2026-04-23T11:32:37,499.85,0,0,0,0.0,0.0,-0.151957,0.0,60.2,0,4,0,0,4,0,0,0.0
2026-04-23T11:33:37,499.85,0,0,0,0.0,0.0,-0.151957,0.0,60.2,0,4,0,0,4,0,0,0.0
2026-04-23T11:34:37,499.85,0,0,0,0.0,0.0,-0.151957,0.0,60.2,0,4,0,0,4,0,0,0.0
2026-04-23T11:35:37,499.85,0,0,0,0.0,0.0,-0.151957,0.0,60.2,0,4,0,0,4,0,0,0.0
2026-04-23T11:36:37,499.85,0,0,0,0.0,0.0,-0.151957,0.0,60.2,0,4,0,0,4,0,0,0.0
2026-04-23T11:37:37,499.85,0,0,0,0.0,0.0,-0.151957,0.0,60.2,0,4,0,0,4,0,0,0.0
2026-04-23T11:38:37,499.85,0,0,0,0.0,0.0,-0.151957,0.0,60.2,0,4,0,0,4,0,0,0.0
2026-04-23T11:39:37,499.85,0,0,0,0.0,0.0,-0.151957,0.0,60.2,0,4,0,0,4,0,0,0.0
2026-04-23T11:40:37,499.85,0,0,0,0.0,0.0,-0.151957,0.0,60.2,0,4,0,0,4,0,0,0.0
2026-04-23T11:41:37,499.85,0,0,0,0.0,0.0,-0.151957,0.0,60.2,0,4,0,0,4,0,0,0.0
2026-04-23T11:42:37,499.85,0,0,0,0.0,0.0,-0.151957,0.0,60.2,0,4,0,0,4,0,0,0.0
2026-04-23T11:43:37,499.85,0,0,0,0.0,0.0,-0.151957,0.0,60.2,0,4,0,0,4,0,0,0.0
2026-04-23T11:44:37,499.85,0,0,0,0.0,0.0,-0.151957,0.0,60.2,0,4,0,0,4,0,0,0.0
2026-04-23T11:45:37,499.85,0,0,0,0.0,0.0,-0.151957,0.0,60.2,0,4,0,0,4,0,0,0.0
2026-04-23T11:46:37,499.85,0,0,0,0.0,0.0,-0.151957,0.0,60.2,0,4,0,0,4,0,0,0.0
2026-04-23T11:47:37,499.85,0,0,0,0.0,0.0,-0.151957,0.0,60.2,0,4,0,0,4,0,0,0.0
2026-04-23T11:48:37,499.85,0,0,0,0.0,0.0,-0.151957,0.0,60.2,0,4,0,0,4,0,0,0.0
2026-04-23T11:49:37,499.85,0,0,0,0.0,0.0,-0.151957,0.0,60.2,0,4,0,0,4,0,0,0.0
2026-04-23T11:50:37,499.85,0,0,0,0.0,0.0,-0.151957,0.0,60.2,0,4,0,0,4,0,0,0.0
2026-04-23T11:51:37,499.85,0,0,0,0.0,0.0,-0.151957,0.0,60.2,0,4,0,0,4,0,0,0.0
2026-04-23T11:52:37,499.85,0,0,0,0.0,0.0,-0.151957,0.0,60.2,0,4,0,0,4,0,0,0.0
2026-04-23T11:53:37,499.85,0,0,0,0.0,0.0,-0.151957,0.0,60.2,0,4,0,0,4,0,0,0.0
2026-04-23T11:54:37,499.85,0,0,0,0.0,0.0,-0.151957,0.0,60.2,0,4,0,0,4,0,0,0.0
2026-04-23T11:55:37,499.85,0,0,0,0.0,0.0,-0.151957,0.0,60.2,0,4,0,0,4,0,0,0.0
2026-04-23T11:56:37,499.85,0,0,0,0.0,0.0,-0.151957,0.0,60.2,0,4,0,0,4,0,0,0.0
2026-04-23T11:57:37,499.85,0,0,0,0.0,0.0,-0.151957,0.0,60.2,0,4,0,0,4,0,0,0.0
2026-04-23T11:58:37,499.85,0,0,0,0.0,0.0,-0.151957,0.0,60.2,0,4,0,0,4,0,0,0.0
2026-04-23T11:59:37,499.85,0,0,0,0.0,0.0,-0.151957,0.0,60.2,0,4,0,0,4,0,0,0.0
2026-04-23T12:00:37,499.85,0,0,0,0.0,0.0,-0.151957,0.0,60.2,0,4,0,0,4,0,0,0.0
2026-04-23T12:01:37,499.85,0,0,0,0.0,0.0,-0.151957,0.0,60.2,0,4,0,0,4,0,0,0.0
2026-04-23T12:02:37,499.85,0,0,0,0.0,0.0,-0.151957,0.0,60.2,0,4,0,0,4,0,0,0.0
2026-04-23T12:03:38,499.85,0,0,0,0.0,0.0,-0.151957,0.0,60.2,0,4,0,0,4,0,0,0.0
2026-04-23T12:04:38,499.85,0,0,0,0.0,0.0,-0.151957,0.0,60.2,0,4,0,0,4,0,0,0.0
2026-04-23T12:05:38,499.85,0,0,0,0.0,0.0,-0.151957,0.0,60.2,0,4,0,0,4,0,0,0.0
2026-04-23T12:06:38,499.85,0,0,0,0.0,0.0,-0.151957,0.0,60.2,0,4,0,0,4,0,0,0.0
2026-04-23T12:07:38,499.85,0,0,0,0.0,0.0,-0.151957,0.0,60.2,0,4,0,0,4,0,0,0.0
2026-04-23T12:08:38,499.85,0,0,0,0.0,0.0,-0.151957,0.0,60.2,0,4,0,0,4,0,0,0.0
2026-04-23T12:09:38,499.85,0,0,0,0.0,0.0,-0.151957,0.0,60.2,0,4,0,0,4,0,0,0.0
2026-04-23T12:10:38,499.85,0,0,0,0.0,0.0,-0.151957,0.0,60.2,0,4,0,0,4,0,0,0.0
2026-04-23T12:11:38,499.85,0,0,0,0.0,0.0,-0.151957,0.0,60.2,0,4,0,0,4,0,0,0.0
2026-04-23T12:12:38,499.85,0,0,0,0.0,0.0,-0.151957,0.0,60.2,0,4,0,0,4,0,0,0.0
2026-04-23T12:13:38,499.85,0,0,0,0.0,0.0,-0.151957,0.0,60.2,0,4,0,0,4,0,0,0.0
2026-04-23T12:14:38,499.85,0,0,0,0.0,0.0,-0.151957,0.0,60.2,0,4,0,0,4,0,0,0.0
2026-04-23T12:15:38,499.85,0,0,0,0.0,0.0,-0.151957,0.0,60.2,0,4,0,0,4,0,0,0.0
2026-04-23T12:16:38,499.85,0,0,0,0.0,0.0,-0.151957,0.0,60.2,0,4,0,0,4,0,0,0.0
2026-04-23T12:17:38,499.85,0,0,0,0.0,0.0,-0.151957,0.0,60.2,0,4,0,0,4,0,0,0.0
2026-04-23T12:18:38,499.85,0,0,0,0.0,0.0,-0.151957,0.0,60.2,0,4,0,0,4,0,0,0.0
2026-04-23T12:19:38,499.85,0,0,0,0.0,0.0,-0.151957,0.0,60.2,0,4,0,0,4,0,0,0.0
2026-04-23T12:20:38,499.85,0,0,0,0.0,0.0,-0.151957,0.0,60.2,0,4,0,0,4,0,0,0.0
2026-04-23T12:21:38,499.85,0,0,0,0.0,0.0,-0.151957,0.0,60.2,0,4,0,0,4,0,0,0.0
2026-04-23T12:22:38,499.85,0,0,0,0.0,0.0,-0.151957,0.0,60.2,0,4,0,0,4,0,0,0.0
2026-04-23T12:23:38,499.85,0,0,0,0.0,0.0,-0.151957,0.0,60.2,0,4,0,0,4,0,0,0.0
2026-04-23T12:24:38,499.85,0,0,0,0.0,0.0,-0.151957,0.0,60.2,0,4,0,0,4,0,0,0.0
2026-04-23T12:25:38,499.85,0,0,0,0.0,0.0,-0.151957,0.0,60.2,0,4,0,0,4,0,0,0.0
2026-04-23T12:26:38,499.85,0,0,0,0.0,0.0,-0.151957,0.0,60.2,0,4,0,0,4,0,0,0.0
2026-04-23T12:27:38,499.85,0,0,0,0.0,0.0,-0.151957,0.0,60.2,0,4,0,0,4,0,0,0.0
2026-04-23T12:28:38,499.85,0,0,0,0.0,0.0,-0.151957,0.0,60.2,0,4,0,0,4,0,0,0.0
2026-04-23T12:29:38,499.85,0,0,0,0.0,0.0,-0.151957,0.0,60.2,0,4,0,0,4,0,0,0.0
2026-04-23T12:30:38,499.85,0,0,0,0.0,0.0,-0.151957,0.0,60.2,0,4,0,0,4,0,0,0.0
2026-04-23T12:31:38,499.85,0,0,0,0.0,0.0,-0.151957,0.0,60.2,0,4,0,0,4,0,0,0.0
2026-04-23T12:32:38,499.85,0,0,0,0.0,0.0,-0.151957,0.0,60.2,0,4,0,0,4,0,0,0.0
2026-04-23T12:33:38,499.85,0,0,0,0.0,0.0,-0.151957,0.0,60.2,0,4,0,0,4,0,0,0.0
2026-04-23T12:34:38,499.85,0,0,0,0.0,0.0,-0.151957,0.0,60.2,0,4,0,0,4,0,0,0.0
2026-04-23T12:35:38,499.85,0,0,0,0.0,0.0,-0.151957,0.0,60.2,0,4,0,0,4,0,0,0.0
2026-04-23T12:36:38,499.85,0,0,0,0.0,0.0,-0.151957,0.0,60.2,0,4,0,0,4,0,0,0.0
2026-04-23T12:37:38,499.85,0,0,0,0.0,0.0,-0.151957,0.0,60.2,0,4,0,0,4,0,0,0.0
2026-04-23T12:38:38,499.85,0,0,0,0.0,0.0,-0.151957,0.0,60.2,0,4,0,0,4,0,0,0.0
2026-04-23T12:39:38,499.85,0,0,0,0.0,0.0,-0.151957,0.0,60.2,0,4,0,0,4,0,0,0.0
2026-04-23T12:40:38,499.85,0,0,0,0.0,0.0,-0.151957,0.0,60.2,0,4,0,0,4,0,0,0.0
2026-04-23T12:41:38,499.85,0,0,0,0.0,0.0,-0.151957,0.0,60.2,0,4,0,0,4,0,0,0.0
2026-04-23T12:42:38,499.85,0,0,0,0.0,0.0,-0.151957,0.0,60.2,0,4,0,0,4,0,0,0.0
2026-04-23T12:43:38,499.85,0,0,0,0.0,0.0,-0.151957,0.0,60.2,0,4,0,0,4,0,0,0.0
2026-04-23T12:44:38,499.85,0,0,0,0.0,0.0,-0.151957,0.0,60.2,0,4,0,0,4,0,0,0.0
2026-04-23T12:45:38,499.85,0,0,0,0.0,0.0,-0.151957,0.0,60.2,0,4,0,0,4,0,0,0.0
2026-04-23T12:46:38,499.85,0,0,0,0.0,0.0,-0.151957,0.0,60.2,0,4,0,0,4,0,0,0.0
2026-04-23T12:47:38,499.85,0,0,0,0.0,0.0,-0.151957,0.0,60.2,0,4,0,0,4,0,0,0.0
2026-04-23T12:48:38,499.85,0,0,0,0.0,0.0,-0.151957,0.0,60.2,0,4,0,0,4,0,0,0.0
2026-04-23T12:49:38,499.85,0,0,0,0.0,0.0,-0.151957,0.0,60.2,0,4,0,0,4,0,0,0.0
2026-04-23T12:50:38,499.85,0,0,0,0.0,0.0,-0.151957,0.0,60.2,0,4,0,0,4,0,0,0.0
2026-04-23T12:51:38,499.85,0,0,0,0.0,0.0,-0.151957,0.0,60.2,0,4,0,0,4,0,0,0.0
2026-04-23T12:52:38,499.85,0,0,0,0.0,0.0,-0.151957,0.0,60.2,0,4,0,0,4,0,0,0.0
2026-04-23T12:53:38,499.85,0,0,0,0.0,0.0,-0.151957,0.0,60.2,0,4,0,0,4,0,0,0.0
2026-04-23T12:54:38,499.85,0,0,0,0.0,0.0,-0.151957,0.0,60.2,0,4,0,0,4,0,0,0.0
2026-04-23T12:55:38,499.85,0,0,0,0.0,0.0,-0.151957,0.0,60.2,0,4,0,0,4,0,0,0.0
2026-04-23T12:56:38,499.85,0,0,0,0.0,0.0,-0.151957,0.0,60.2,0,4,0,0,4,0,0,0.0
2026-04-23T12:57:38,499.85,0,0,0,0.0,0.0,-0.151957,0.0,60.2,0,4,0,0,4,0,0,0.0
2026-04-23T12:58:38,499.85,0,0,0,0.0,0.0,-0.151957,0.0,60.2,0,4,0,0,4,0,0,0.0
2026-04-23T12:59:38,499.85,0,0,0,0.0,0.0,-0.151957,0.0,60.2,0,4,0,0,4,0,0,0.0
2026-04-23T13:00:38,499.85,0,0,0,0.0,0.0,-0.151957,0.0,60.2,0,4,0,0,4,0,0,0.0
2026-04-23T13:01:38,499.85,0,0,0,0.0,0.0,-0.151957,0.0,60.2,0,4,0,0,4,0,0,0.0
2026-04-23T13:02:38,499.85,0,0,0,0.0,0.0,-0.151957,0.0,60.2,0,4,0,0,4,0,0,0.0
2026-04-23T13:03:38,499.85,0,0,0,0.0,0.0,-0.151957,0.0,60.2,0,4,0,0,4,0,0,0.0
2026-04-23T13:04:38,499.85,0,0,0,0.0,0.0,-0.151957,0.0,60.2,0,4,0,0,4,0,0,0.0
2026-04-23T13:05:38,499.85,0,0,0,0.0,0.0,-0.151957,0.0,60.2,0,4,0,0,4,0,0,0.0
2026-04-23T13:06:38,499.85,0,0,0,0.0,0.0,-0.151957,0.0,60.2,0,4,0,0,4,0,0,0.0
2026-04-23T13:07:38,499.85,0,0,0,0.0,0.0,-0.151957,0.0,60.2,0,4,0,0,4,0,0,0.0
2026-04-23T13:08:38,499.85,0,0,0,0.0,0.0,-0.151957,0.0,60.2,0,4,0,0,4,0,0,0.0
2026-04-23T13:09:38,499.85,0,0,0,0.0,0.0,-0.151957,0.0,60.2,0,4,0,0,4,0,0,0.0
2026-04-23T13:10:38,499.85,0,0,0,0.0,0.0,-0.151957,0.0,60.2,0,4,0,0,4,0,0,0.0
2026-04-23T13:11:38,499.85,0,0,0,0.0,0.0,-0.151957,0.0,60.2,0,4,0,0,4,0,0,0.0
2026-04-23T13:12:38,499.85,0,0,0,0.0,0.0,-0.151957,0.0,60.2,0,4,0,0,4,0,0,0.0
2026-04-23T13:13:38,499.85,0,0,0,0.0,0.0,-0.151957,0.0,60.2,0,4,0,0,4,0,0,0.0
2026-04-23T13:14:38,499.85,0,0,0,0.0,0.0,-0.151957,0.0,60.2,0,4,0,0,4,0,0,0.0
2026-04-23T13:15:38,499.85,0,0,0,0.0,0.0,-0.151957,0.0,60.2,0,4,0,0,4,0,0,0.0
2026-04-23T13:16:38,499.85,0,0,0,0.0,0.0,-0.151957,0.0,60.2,0,4,0,0,4,0,0,0.0
2026-04-23T13:17:38,499.85,0,0,0,0.0,0.0,-0.151957,0.0,60.2,0,4,0,0,4,0,0,0.0
2026-04-23T13:18:38,499.85,0,0,0,0.0,0.0,-0.151957,0.0,60.2,0,4,0,0,4,0,0,0.0
2026-04-23T13:19:38,499.85,0,0,0,0.0,0.0,-0.151957,0.0,60.2,0,4,0,0,4,0,0,0.0
2026-04-23T13:20:38,499.85,0,0,0,0.0,0.0,-0.151957,0.0,60.2,0,4,0,0,4,0,0,0.0
2026-04-23T13:21:38,499.85,0,0,0,0.0,0.0,-0.151957,0.0,60.2,0,4,0,0,4,0,0,0.0
2026-04-23T13:22:38,499.85,0,0,0,0.0,0.0,-0.151957,0.0,60.2,0,4,0,0,4,0,0,0.0
2026-04-23T13:23:38,499.85,0,0,0,0.0,0.0,-0.151957,0.0,60.2,0,4,0,0,4,0,0,0.0
2026-04-23T13:24:38,499.85,0,0,0,0.0,0.0,-0.151957,0.0,60.2,0,4,0,0,4,0,0,0.0
2026-04-23T13:25:38,499.85,0,0,0,0.0,0.0,-0.151957,0.0,60.2,0,4,0,0,4,0,0,0.0
2026-04-23T13:26:38,499.85,0,0,0,0.0,0.0,-0.151957,0.0,60.2,0,4,0,0,4,0,0,0.0
2026-04-23T13:27:38,499.85,0,0,0,0.0,0.0,-0.151957,0.0,60.2,0,4,0,0,4,0,0,0.0
2026-04-23T13:28:38,499.85,0,0,0,0.0,0.0,-0.151957,0.0,60.2,0,4,0,0,4,0,0,0.0
2026-04-23T13:29:38,499.85,0,0,0,0.0,0.0,-0.151957,0.0,60.2,0,4,0,0,4,0,0,0.0
2026-04-23T13:30:38,499.85,0,0,0,0.0,0.0,-0.151957,0.0,60.2,0,4,0,0,4,0,0,0.0
2026-04-23T13:31:38,499.85,0,0,0,0.0,0.0,-0.151957,0.0,60.2,0,4,0,0,4,0,0,0.0
2026-04-23T13:32:38,499.85,0,0,0,0.0,0.0,-0.151957,0.0,60.2,0,4,0,0,4,0,0,0.0
2026-04-23T13:33:38,499.85,0,0,0,0.0,0.0,-0.151957,0.0,60.2,0,4,0,0,4,0,0,0.0
2026-04-23T13:34:38,499.85,0,0,0,0.0,0.0,-0.151957,0.0,60.2,0,4,0,0,4,0,0,0.0
2026-04-23T13:35:38,499.85,0,0,0,0.0,0.0,-0.151957,0.0,60.2,0,4,0,0,4,0,0,0.0
2026-04-23T13:36:38,499.85,0,0,0,0.0,0.0,-0.151957,0.0,60.2,0,4,0,0,4,0,0,0.0
2026-04-23T13:37:38,499.85,0,0,0,0.0,0.0,-0.151957,0.0,60.2,0,4,0,0,4,0,0,0.0
2026-04-23T13:38:38,499.85,0,0,0,0.0,0.0,-0.151957,0.0,60.2,0,4,0,0,4,0,0,0.0
2026-04-23T13:39:38,499.85,0,0,0,0.0,0.0,-0.151957,0.0,60.2,0,4,0,0,4,0,0,0.0
2026-04-23T13:40:39,499.85,0,0,0,0.0,0.0,-0.151957,0.0,60.2,0,4,0,0,4,0,0,0.0
2026-04-23T13:41:39,499.85,0,0,0,0.0,0.0,-0.151957,0.0,60.2,0,4,0,0,4,0,0,0.0
2026-04-23T13:42:39,499.85,0,0,0,0.0,0.0,-0.151957,0.0,60.2,0,4,0,0,4,0,0,0.0
2026-04-23T13:43:39,499.85,0,0,0,0.0,0.0,-0.151957,0.0,60.2,0,4,0,0,4,0,0,0.0
2026-04-23T13:44:39,499.85,0,0,0,0.0,0.0,-0.151957,0.0,60.2,0,4,0,0,4,0,0,0.0
2026-04-23T13:45:39,499.85,0,0,0,0.0,0.0,-0.151957,0.0,60.2,0,4,0,0,4,0,0,0.0
2026-04-23T13:46:39,499.85,0,0,0,0.0,0.0,-0.151957,0.0,60.2,0,4,0,0,4,0,0,0.0
2026-04-23T13:47:39,499.85,0,0,0,0.0,0.0,-0.151957,0.0,60.2,0,4,0,0,4,0,0,0.0
2026-04-23T13:48:39,499.85,0,0,0,0.0,0.0,-0.151957,0.0,60.2,0,4,0,0,4,0,0,0.0
2026-04-23T13:49:39,499.85,0,0,0,0.0,0.0,-0.151957,0.0,60.2,0,4,0,0,4,0,0,0.0
2026-04-23T13:50:39,499.85,0,0,0,0.0,0.0,-0.151957,0.0,60.2,0,4,0,0,4,0,0,0.0
2026-04-23T13:51:39,499.85,0,0,0,0.0,0.0,-0.151957,0.0,60.2,0,4,0,0,4,0,0,0.0
2026-04-23T13:52:39,499.85,0,0,0,0.0,0.0,-0.151957,0.0,60.2,0,4,0,0,4,0,0,0.0
2026-04-23T13:53:39,499.85,0,0,0,0.0,0.0,-0.151957,0.0,60.2,0,4,0,0,4,0,0,0.0
2026-04-23T13:54:39,499.85,0,0,0,0.0,0.0,-0.151957,0.0,60.2,0,4,0,0,4,0,0,0.0
2026-04-23T13:55:39,499.85,0,0,0,0.0,0.0,-0.151957,0.0,60.2,0,4,0,0,4,0,0,0.0
2026-04-23T13:56:39,499.85,0,0,0,0.0,0.0,-0.151957,0.0,60.2,0,4,0,0,4,0,0,0.0
2026-04-23T13:57:39,499.85,0,0,0,0.0,0.0,-0.151957,0.0,60.2,0,4,0,0,4,0,0,0.0
2026-04-23T13:58:39,499.85,0,0,0,0.0,0.0,-0.151957,0.0,60.2,0,4,0,0,4,0,0,0.0
2026-04-23T13:59:39,499.85,0,0,0,0.0,0.0,-0.151957,0.0,60.2,0,4,0,0,4,0,0,0.0
2026-04-23T14:00:39,499.85,0,0,0,0.0,0.0,-0.151957,0.0,60.2,0,4,0,0,4,0,0,0.0
2026-04-23T14:01:39,499.85,0,0,0,0.0,0.0,-0.151957,0.0,60.2,0,4,0,0,4,0,0,0.0
2026-04-23T14:02:39,499.85,0,0,0,0.0,0.0,-0.151957,0.0,60.2,0,4,0,0,4,0,0,0.0
2026-04-23T14:03:39,499.85,0,0,0,0.0,0.0,-0.151957,0.0,60.2,0,4,0,0,4,0,0,0.0
2026-04-23T14:04:39,499.85,0,0,0,0.0,0.0,-0.151957,0.0,60.2,0,4,0,0,4,0,0,0.0
2026-04-23T14:05:39,499.85,0,0,0,0.0,0.0,-0.151957,0.0,60.2,0,4,0,0,4,0,0,0.0
2026-04-23T14:06:39,499.85,0,0,0,0.0,0.0,-0.151957,0.0,60.2,0,4,0,0,4,0,0,0.0
2026-04-23T14:07:39,499.85,0,0,0,0.0,0.0,-0.151957,0.0,60.2,0,4,0,0,4,0,0,0.0
2026-04-23T14:08:39,499.85,0,0,0,0.0,0.0,-0.151957,0.0,60.2,0,4,0,0,4,0,0,0.0
2026-04-23T14:09:39,499.85,0,0,0,0.0,0.0,-0.151957,0.0,60.2,0,4,0,0,4,0,0,0.0
2026-04-23T14:10:39,499.85,0,0,0,0.0,0.0,-0.151957,0.0,60.2,0,4,0,0,4,0,0,0.0
2026-04-23T14:11:39,499.85,0,0,0,0.0,0.0,-0.151957,0.0,60.2,0,4,0,0,4,0,0,0.0
2026-04-23T14:12:39,499.85,0,0,0,0.0,0.0,-0.151957,0.0,60.2,0,4,0,0,4,0,0,0.0
2026-04-23T14:13:39,499.85,0,0,0,0.0,0.0,-0.151957,0.0,60.2,0,4,0,0,4,0,0,0.0
2026-04-23T14:14:39,499.85,0,0,0,0.0,0.0,-0.151957,0.0,60.2,0,4,0,0,4,0,0,0.0
2026-04-23T14:15:39,499.85,0,0,0,0.0,0.0,-0.151957,0.0,60.2,0,4,0,0,4,0,0,0.0
2026-04-23T14:16:39,499.85,0,0,0,0.0,0.0,-0.151957,0.0,60.2,0,4,0,0,4,0,0,0.0
2026-04-23T14:17:39,499.85,0,0,0,0.0,0.0,-0.151957,0.0,60.2,0,4,0,0,4,0,0,0.0
2026-04-23T14:18:39,499.85,0,0,0,0.0,0.0,-0.151957,0.0,60.2,0,4,0,0,4,0,0,0.0
2026-04-23T14:19:39,499.85,0,0,0,0.0,0.0,-0.151957,0.0,60.2,0,4,0,0,4,0,0,0.0
2026-04-23T14:20:39,499.85,0,0,0,0.0,0.0,-0.151957,0.0,60.2,0,4,0,0,4,0,0,0.0
2026-04-23T14:21:39,499.85,0,0,0,0.0,0.0,-0.151957,0.0,60.2,0,4,0,0,4,0,0,0.0
2026-04-23T14:22:39,499.85,0,0,0,0.0,0.0,-0.151957,0.0,60.2,0,4,0,0,4,0,0,0.0
2026-04-23T14:23:39,499.85,0,0,0,0.0,0.0,-0.151957,0.0,60.2,0,4,0,0,4,0,0,0.0
2026-04-23T14:24:39,499.85,0,0,0,0.0,0.0,-0.151957,0.0,60.2,0,4,0,0,4,0,0,0.0
2026-04-23T14:25:39,499.85,0,0,0,0.0,0.0,-0.151957,0.0,60.2,0,4,0,0,4,0,0,0.0
2026-04-23T14:26:39,499.85,0,0,0,0.0,0.0,-0.151957,0.0,60.2,0,4,0,0,4,0,0,0.0
2026-04-23T14:27:39,499.85,0,0,0,0.0,0.0,-0.151957,0.0,60.2,0,4,0,0,4,0,0,0.0
2026-04-23T14:28:39,499.85,0,0,0,0.0,0.0,-0.151957,0.0,60.2,0,4,0,0,4,0,0,0.0
2026-04-23T14:29:39,499.85,0,0,0,0.0,0.0,-0.151957,0.0,60.2,0,4,0,0,4,0,0,0.0
2026-04-23T14:30:40,499.85,0,0,0,0.0,0.0,-0.151957,0.0,60.2,0,4,0,0,4,0,0,0.0
2026-04-23T14:31:40,499.85,0,0,0,0.0,0.0,-0.151957,0.0,60.2,0,4,0,0,4,0,0,0.0
2026-04-23T14:32:40,499.85,0,0,0,0.0,0.0,-0.151957,0.0,60.2,0,4,0,0,4,0,0,0.0
2026-04-23T14:33:40,499.85,0,0,0,0.0,0.0,-0.151957,0.0,60.2,0,4,0,0,4,0,0,0.0
2026-04-23T14:34:40,499.85,0,0,0,0.0,0.0,-0.151957,0.0,60.2,0,4,0,0,4,0,0,0.0
2026-04-23T14:35:40,499.85,0,0,0,0.0,0.0,-0.151957,0.0,60.2,0,4,0,0,4,0,0,0.0
2026-04-23T14:36:40,499.85,0,0,0,0.0,0.0,-0.151957,0.0,60.2,0,4,0,0,4,0,0,0.0
2026-04-23T14:37:40,499.85,0,0,0,0.0,0.0,-0.151957,0.0,60.2,0,4,0,0,4,0,0,0.0
2026-04-23T14:38:40,499.85,0,0,0,0.0,0.0,-0.151957,0.0,60.2,0,4,0,0,4,0,0,0.0
2026-04-23T14:39:40,499.85,0,0,0,0.0,0.0,-0.151957,0.0,60.2,0,4,0,0,4,0,0,0.0
2026-04-23T14:40:40,499.85,0,0,0,0.0,0.0,-0.151957,0.0,60.2,0,4,0,0,4,0,0,0.0
2026-04-23T14:41:40,499.85,0,0,0,0.0,0.0,-0.151957,0.0,60.2,0,4,0,0,4,0,0,0.0
2026-04-23T14:42:40,499.85,0,0,0,0.0,0.0,-0.151957,0.0,60.2,0,4,0,0,4,0,0,0.0
2026-04-23T14:43:40,499.85,0,0,0,0.0,0.0,-0.151957,0.0,60.2,0,4,0,0,4,0,0,0.0
2026-04-23T14:44:40,499.85,0,0,0,0.0,0.0,-0.151957,0.0,60.2,0,4,0,0,4,0,0,0.0
2026-04-23T14:45:40,499.85,0,0,0,0.0,0.0,-0.151957,0.0,60.2,0,4,0,0,4,0,0,0.0
2026-04-23T14:46:40,499.85,0,0,0,0.0,0.0,-0.151957,0.0,60.2,0,4,0,0,4,0,0,0.0
2026-04-23T14:47:40,499.85,0,0,0,0.0,0.0,-0.151957,0.0,60.2,0,4,0,0,4,0,0,0.0
2026-04-23T14:48:40,499.85,0,0,0,0.0,0.0,-0.151957,0.0,60.2,0,4,0,0,4,0,0,0.0
2026-04-23T14:49:40,499.85,0,0,0,0.0,0.0,-0.151957,0.0,60.2,0,4,0,0,4,0,0,0.0
2026-04-23T14:50:40,499.85,0,0,0,0.0,0.0,-0.151957,0.0,60.2,0,4,0,0,4,0,0,0.0
2026-04-23T14:51:40,499.85,0,0,0,0.0,0.0,-0.151957,0.0,60.2,0,4,0,0,4,0,0,0.0
2026-04-23T14:52:40,499.85,0,0,0,0.0,0.0,-0.151957,0.0,60.2,0,4,0,0,4,0,0,0.0
2026-04-23T14:53:40,499.85,0,0,0,0.0,0.0,-0.151957,0.0,60.2,0,4,0,0,4,0,0,0.0
2026-04-23T14:54:40,499.85,0,0,0,0.0,0.0,-0.151957,0.0,60.2,0,4,0,0,4,0,0,0.0
2026-04-23T14:55:40,499.85,0,0,0,0.0,0.0,-0.151957,0.0,60.2,0,4,0,0,4,0,0,0.0
2026-04-23T14:56:40,499.85,0,0,0,0.0,0.0,-0.151957,0.0,60.2,0,4,0,0,4,0,0,0.0
2026-04-23T14:57:40,499.85,0,0,0,0.0,0.0,-0.151957,0.0,60.2,0,4,0,0,4,0,0,0.0
2026-04-23T14:58:40,499.85,0,0,0,0.0,0.0,-0.151957,0.0,60.2,0,4,0,0,4,0,0,0.0
2026-04-23T14:59:40,499.85,0,0,0,0.0,0.0,-0.151957,0.0,60.2,0,4,0,0,4,0,0,0.0
2026-04-23T15:00:40,499.85,0,0,0,0.0,0.0,-0.151957,0.0,60.2,0,4,0,0,4,0,0,0.0
2026-04-23T15:01:40,499.85,0,0,0,0.0,0.0,-0.151957,0.0,60.2,0,4,0,0,4,0,0,0.0
2026-04-23T15:02:40,499.85,0,0,0,0.0,0.0,-0.151957,0.0,60.2,0,4,0,0,4,0,0,0.0
2026-04-23T15:03:40,499.85,0,0,0,0.0,0.0,-0.151957,0.0,60.2,0,4,0,0,4,0,0,0.0
2026-04-23T15:04:40,499.85,0,0,0,0.0,0.0,-0.151957,0.0,60.2,0,4,0,0,4,0,0,0.0
2026-04-23T15:05:40,499.85,0,0,0,0.0,0.0,-0.151957,0.0,60.2,0,4,0,0,4,0,0,0.0
2026-04-23T15:06:40,499.85,0,0,0,0.0,0.0,-0.151957,0.0,60.2,0,4,0,0,4,0,0,0.0
2026-04-23T15:07:40,499.85,0,0,0,0.0,0.0,-0.151957,0.0,60.2,0,4,0,0,4,0,0,0.0
2026-04-23T15:08:40,499.85,0,0,0,0.0,0.0,-0.151957,0.0,60.2,0,4,0,0,4,0,0,0.0
2026-04-23T15:09:40,499.85,0,0,0,0.0,0.0,-0.151957,0.0,60.2,0,4,0,0,4,0,0,0.0
2026-04-23T15:10:40,499.85,0,0,0,0.0,0.0,-0.151957,0.0,60.2,0,4,0,0,4,0,0,0.0
2026-04-23T15:11:40,499.85,0,0,0,0.0,0.0,-0.151957,0.0,60.2,0,4,0,0,4,0,0,0.0
2026-04-23T15:12:40,499.85,0,0,0,0.0,0.0,-0.151957,0.0,60.2,0,4,0,0,4,0,0,0.0
2026-04-23T15:13:40,499.85,0,0,0,0.0,0.0,-0.151957,0.0,60.2,0,4,0,0,4,0,0,0.0
2026-04-23T15:14:40,499.85,0,0,0,0.0,0.0,-0.151957,0.0,60.2,0,4,0,0,4,0,0,0.0
2026-04-23T15:15:40,499.85,0,0,0,0.0,0.0,-0.151957,0.0,60.2,0,4,0,0,4,0,0,0.0
2026-04-23T15:16:40,499.85,0,0,0,0.0,0.0,-0.151957,0.0,60.2,0,4,0,0,4,0,0,0.0
2026-04-23T15:17:40,499.85,0,0,0,0.0,0.0,-0.151957,0.0,60.2,0,4,0,0,4,0,0,0.0
2026-04-23T15:18:40,499.85,0,0,0,0.0,0.0,-0.151957,0.0,60.2,0,4,0,0,4,0,0,0.0
2026-04-23T15:19:40,499.85,0,0,0,0.0,0.0,-0.151957,0.0,60.2,0,4,0,0,4,0,0,0.0
2026-04-23T15:20:40,499.85,0,0,0,0.0,0.0,-0.151957,0.0,60.2,0,4,0,0,4,0,0,0.0
2026-04-23T15:21:40,499.85,0,0,0,0.0,0.0,-0.151957,0.0,60.2,0,4,0,0,4,0,0,0.0
2026-04-23T15:22:40,499.85,0,0,0,0.0,0.0,-0.151957,0.0,60.2,0,4,0,0,4,0,0,0.0
2026-04-23T15:23:40,499.85,0,0,0,0.0,0.0,-0.151957,0.0,60.2,0,4,0,0,4,0,0,0.0
2026-04-23T15:24:40,499.85,0,0,0,0.0,0.0,-0.151957,0.0,60.2,0,4,0,0,4,0,0,0.0
2026-04-23T15:25:40,499.85,0,0,0,0.0,0.0,-0.151957,0.0,60.2,0,4,0,0,4,0,0,0.0
2026-04-23T15:26:40,499.85,0,0,0,0.0,0.0,-0.151957,0.0,60.2,0,4,0,0,4,0,0,0.0
2026-04-23T15:27:40,499.85,0,0,0,0.0,0.0,-0.151957,0.0,60.2,0,4,0,0,4,0,0,0.0
2026-04-23T15:28:40,499.85,0,0,0,0.0,0.0,-0.151957,0.0,60.2,0,4,0,0,4,0,0,0.0
2026-04-23T15:29:40,499.85,0,0,0,0.0,0.0,-0.151957,0.0,60.2,0,4,0,0,4,0,0,0.0
2026-04-23T15:30:40,499.85,0,0,0,0.0,0.0,-0.151957,0.0,60.2,0,4,0,0,4,0,0,0.0
2026-04-23T15:31:40,499.85,0,0,0,0.0,0.0,-0.151957,0.0,60.2,0,4,0,0,4,0,0,0.0
2026-04-23T15:32:40,499.85,0,0,0,0.0,0.0,-0.151957,0.0,60.2,0,4,0,0,4,0,0,0.0
2026-04-23T15:33:40,499.85,0,0,0,0.0,0.0,-0.151957,0.0,60.2,0,4,0,0,4,0,0,0.0
2026-04-23T15:34:40,499.85,0,0,0,0.0,0.0,-0.151957,0.0,60.2,0,4,0,0,4,0,0,0.0
2026-04-23T15:35:40,499.85,0,0,0,0.0,0.0,-0.151957,0.0,60.2,0,4,0,0,4,0,0,0.0
2026-04-23T15:36:40,499.85,0,0,0,0.0,0.0,-0.151957,0.0,60.2,0,4,0,0,4,0,0,0.0
2026-04-23T15:37:40,499.85,0,0,0,0.0,0.0,-0.151957,0.0,60.2,0,4,0,0,4,0,0,0.0
2026-04-23T15:38:40,499.85,0,0,0,0.0,0.0,-0.151957,0.0,60.2,0,4,0,0,4,0,0,0.0
2026-04-23T15:39:40,499.85,0,0,0,0.0,0.0,-0.151957,0.0,60.2,0,4,0,0,4,0,0,0.0
2026-04-23T15:40:40,499.85,0,0,0,0.0,0.0,-0.151957,0.0,60.2,0,4,0,0,4,0,0,0.0
2026-04-23T15:41:40,499.85,0,0,0,0.0,0.0,-0.151957,0.0,60.2,0,4,0,0,4,0,0,0.0
2026-04-23T15:42:40,499.85,0,0,0,0.0,0.0,-0.151957,0.0,60.2,0,4,0,0,4,0,0,0.0
2026-04-23T15:43:40,499.85,0,0,0,0.0,0.0,-0.151957,0.0,60.2,0,4,0,0,4,0,0,0.0
2026-04-23T15:44:40,499.85,0,0,0,0.0,0.0,-0.151957,0.0,60.2,0,4,0,0,4,0,0,0.0
2026-04-23T15:45:40,499.85,0,0,0,0.0,0.0,-0.151957,0.0,60.2,0,4,0,0,4,0,0,0.0
2026-04-23T15:46:40,499.85,0,0,0,0.0,0.0,-0.151957,0.0,60.2,0,4,0,0,4,0,0,0.0
2026-04-23T15:47:40,499.85,0,0,0,0.0,0.0,-0.151957,0.0,60.2,0,4,0,0,4,0,0,0.0
2026-04-23T15:48:40,499.85,0,0,0,0.0,0.0,-0.151957,0.0,60.2,0,4,0,0,4,0,0,0.0
2026-04-23T15:49:40,499.85,0,0,0,0.0,0.0,-0.151957,0.0,60.2,0,4,0,0,4,0,0,0.0
2026-04-23T15:50:40,499.85,0,0,0,0.0,0.0,-0.151957,0.0,60.2,0,4,0,0,4,0,0,0.0
2026-04-23T15:51:40,499.85,0,0,0,0.0,0.0,-0.151957,0.0,60.2,0,4,0,0,4,0,0,0.0
2026-04-23T15:52:40,499.85,0,0,0,0.0,0.0,-0.151957,0.0,60.2,0,4,0,0,4,0,0,0.0
2026-04-23T15:53:40,499.85,0,0,0,0.0,0.0,-0.151957,0.0,60.2,0,4,0,0,4,0,0,0.0
2026-04-23T15:54:40,499.85,0,0,0,0.0,0.0,-0.151957,0.0,60.2,0,4,0,0,4,0,0,0.0
2026-04-23T15:55:40,499.85,0,0,0,0.0,0.0,-0.151957,0.0,60.2,0,4,0,0,4,0,0,0.0
2026-04-23T15:56:41,499.85,0,0,0,0.0,0.0,-0.151957,0.0,60.2,0,4,0,0,4,0,0,0.0
2026-04-23T15:57:41,499.85,0,0,0,0.0,0.0,-0.151957,0.0,60.2,0,4,0,0,4,0,0,0.0
2026-04-23T15:58:41,499.85,0,0,0,0.0,0.0,-0.151957,0.0,60.2,0,4,0,0,4,0,0,0.0
2026-04-23T15:59:41,499.85,0,0,0,0.0,0.0,-0.151957,0.0,60.2,0,4,0,0,4,0,0,0.0
2026-04-23T16:00:41,499.85,0,0,0,0.0,0.0,-0.151957,0.0,60.2,0,4,0,0,4,0,0,0.0
2026-04-23T16:01:41,499.85,0,0,0,0.0,0.0,-0.151957,0.0,60.2,0,4,0,0,4,0,0,0.0
2026-04-23T16:02:41,499.85,0,0,0,0.0,0.0,-0.151957,0.0,60.2,0,4,0,0,4,0,0,0.0
2026-04-23T16:03:41,499.85,0,0,0,0.0,0.0,-0.151957,0.0,60.2,0,4,0,0,4,0,0,0.0
2026-04-23T16:04:41,499.85,0,0,0,0.0,0.0,-0.151957,0.0,60.2,0,4,0,0,4,0,0,0.0
2026-04-23T16:05:41,499.85,0,0,0,0.0,0.0,-0.151957,0.0,60.2,0,4,0,0,4,0,0,0.0
2026-04-23T16:06:41,499.85,0,0,0,0.0,0.0,-0.151957,0.0,60.2,0,4,0,0,4,0,0,0.0
2026-04-23T16:07:41,499.85,0,0,0,0.0,0.0,-0.151957,0.0,60.2,0,4,0,0,4,0,0,0.0
2026-04-23T16:08:41,499.85,0,0,0,0.0,0.0,-0.151957,0.0,60.2,0,4,0,0,4,0,0,0.0
2026-04-23T16:09:41,499.85,0,0,0,0.0,0.0,-0.151957,0.0,60.2,0,4,0,0,4,0,0,0.0
2026-04-23T16:10:41,499.85,0,0,0,0.0,0.0,-0.151957,0.0,60.2,0,4,0,0,4,0,0,0.0
2026-04-23T16:11:41,499.85,0,0,0,0.0,0.0,-0.151957,0.0,60.2,0,4,0,0,4,0,0,0.0
2026-04-23T16:12:41,499.85,0,0,0,0.0,0.0,-0.151957,0.0,60.2,0,4,0,0,4,0,0,0.0
2026-04-23T16:13:41,499.85,0,0,0,0.0,0.0,-0.151957,0.0,60.2,0,4,0,0,4,0,0,0.0
2026-04-23T16:14:41,499.85,0,0,0,0.0,0.0,-0.151957,0.0,60.2,0,4,0,0,4,0,0,0.0
2026-04-23T16:15:41,499.85,0,0,0,0.0,0.0,-0.151957,0.0,60.2,0,4,0,0,4,0,0,0.0
2026-04-23T16:16:41,499.85,0,0,0,0.0,0.0,-0.151957,0.0,60.2,0,4,0,0,4,0,0,0.0
2026-04-23T16:17:41,499.85,0,0,0,0.0,0.0,-0.151957,0.0,60.2,0,4,0,0,4,0,0,0.0
2026-04-23T16:18:41,499.85,0,0,0,0.0,0.0,-0.151957,0.0,60.2,0,4,0,0,4,0,0,0.0
2026-04-23T16:19:41,499.85,0,0,0,0.0,0.0,-0.151957,0.0,60.2,0,4,0,0,4,0,0,0.0
2026-04-23T16:20:41,499.85,0,0,0,0.0,0.0,-0.151957,0.0,60.2,0,4,0,0,4,0,0,0.0
2026-04-23T16:21:41,499.85,0,0,0,0.0,0.0,-0.151957,0.0,60.2,0,4,0,0,4,0,0,0.0
2026-04-23T16:22:41,499.85,0,0,0,0.0,0.0,-0.151957,0.0,60.2,0,4,0,0,4,0,0,0.0
2026-04-23T16:23:41,499.85,0,0,0,0.0,0.0,-0.151957,0.0,60.2,0,4,0,0,4,0,0,0.0
2026-04-23T16:24:41,499.85,0,0,0,0.0,0.0,-0.151957,0.0,60.2,0,4,0,0,4,0,0,0.0
2026-04-23T16:25:41,499.85,0,0,0,0.0,0.0,-0.151957,0.0,60.2,0,4,0,0,4,0,0,0.0
2026-04-23T16:26:41,499.85,0,0,0,0.0,0.0,-0.151957,0.0,60.2,0,4,0,0,4,0,0,0.0
2026-04-23T16:27:41,499.85,0,0,0,0.0,0.0,-0.151957,0.0,60.2,0,4,0,0,4,0,0,0.0
2026-04-23T16:28:41,499.85,0,0,0,0.0,0.0,-0.151957,0.0,60.2,0,4,0,0,4,0,0,0.0
2026-04-23T16:29:41,499.85,0,0,0,0.0,0.0,-0.151957,0.0,60.2,0,4,0,0,4,0,0,0.0
2026-04-23T16:30:41,499.85,0,0,0,0.0,0.0,-0.151957,0.0,60.2,0,4,0,0,4,0,0,0.0
2026-04-23T16:31:41,499.85,0,0,0,0.0,0.0,-0.151957,0.0,60.2,0,4,0,0,4,0,0,0.0
2026-04-23T16:32:41,499.85,0,0,0,0.0,0.0,-0.151957,0.0,60.2,0,4,0,0,4,0,0,0.0
2026-04-23T16:33:41,499.85,0,0,0,0.0,0.0,-0.151957,0.0,60.2,0,4,0,0,4,0,0,0.0
2026-04-23T16:34:41,499.85,0,0,0,0.0,0.0,-0.151957,0.0,60.2,0,4,0,0,4,0,0,0.0
2026-04-23T16:35:41,499.85,0,0,0,0.0,0.0,-0.151957,0.0,60.2,0,4,0,0,4,0,0,0.0
2026-04-23T16:36:41,499.85,0,0,0,0.0,0.0,-0.151957,0.0,60.2,0,4,0,0,4,0,0,0.0
2026-04-23T16:37:41,499.85,0,0,0,0.0,0.0,-0.151957,0.0,60.2,0,4,0,0,4,0,0,0.0
2026-04-23T16:38:41,499.85,0,0,0,0.0,0.0,-0.151957,0.0,60.2,0,4,0,0,4,0,0,0.0
2026-04-23T16:39:41,499.85,0,0,0,0.0,0.0,-0.151957,0.0,60.2,0,4,0,0,4,0,0,0.0
2026-04-23T16:40:41,499.85,0,0,0,0.0,0.0,-0.151957,0.0,60.2,0,4,0,0,4,0,0,0.0
2026-04-23T16:41:41,499.85,0,0,0,0.0,0.0,-0.151957,0.0,60.2,0,4,0,0,4,0,0,0.0
2026-04-23T16:42:41,499.85,0,0,0,0.0,0.0,-0.151957,0.0,60.2,0,4,0,0,4,0,0,0.0
2026-04-23T16:43:41,499.85,0,0,0,0.0,0.0,-0.151957,0.0,60.2,0,4,0,0,4,0,0,0.0
2026-04-23T16:44:41,499.85,0,0,0,0.0,0.0,-0.151957,0.0,60.2,0,4,0,0,4,0,0,0.0
2026-04-23T16:45:41,499.85,0,0,0,0.0,0.0,-0.151957,0.0,60.2,0,4,0,0,4,0,0,0.0
2026-04-23T16:46:41,499.85,0,0,0,0.0,0.0,-0.151957,0.0,60.2,0,4,0,0,4,0,0,0.0
2026-04-23T16:47:41,499.85,0,0,0,0.0,0.0,-0.151957,0.0,60.2,0,4,0,0,4,0,0,0.0
2026-04-23T16:48:41,499.85,0,0,0,0.0,0.0,-0.151957,0.0,60.2,0,4,0,0,4,0,0,0.0
2026-04-23T16:49:41,499.85,0,0,0,0.0,0.0,-0.151957,0.0,60.2,0,4,0,0,4,0,0,0.0
2026-04-23T16:50:41,499.85,0,0,0,0.0,0.0,-0.151957,0.0,60.2,0,4,0,0,4,0,0,0.0
2026-04-23T16:51:41,499.85,0,0,0,0.0,0.0,-0.151957,0.0,60.2,0,4,0,0,4,0,0,0.0
2026-04-23T16:52:41,499.85,0,0,0,0.0,0.0,-0.151957,0.0,60.2,0,4,0,0,4,0,0,0.0
2026-04-23T16:53:41,499.85,0,0,0,0.0,0.0,-0.151957,0.0,60.2,0,4,0,0,4,0,0,0.0
2026-04-23T16:54:41,499.85,0,0,0,0.0,0.0,-0.151957,0.0,60.2,0,4,0,0,4,0,0,0.0
2026-04-23T16:55:41,499.85,0,0,0,0.0,0.0,-0.151957,0.0,60.2,0,4,0,0,4,0,0,0.0
2026-04-23T16:56:41,499.85,0,0,0,0.0,0.0,-0.151957,0.0,60.2,0,4,0,0,4,0,0,0.0
2026-04-23T16:57:41,499.85,0,0,0,0.0,0.0,-0.151957,0.0,60.2,0,4,0,0,4,0,0,0.0
2026-04-23T16:58:41,499.85,0,0,0,0.0,0.0,-0.151957,0.0,60.2,0,4,0,0,4,0,0,0.0
2026-04-23T16:59:41,499.85,0,0,0,0.0,0.0,-0.151957,0.0,60.2,0,4,0,0,4,0,0,0.0
2026-04-23T17:00:41,499.85,0,0,0,0.0,0.0,-0.151957,0.0,60.2,0,4,0,0,4,0,0,0.0
2026-04-23T17:01:41,499.85,0,0,0,0.0,0.0,-0.151957,0.0,60.2,0,4,0,0,4,0,0,0.0
2026-04-23T17:02:41,499.85,0,0,0,0.0,0.0,-0.151957,0.0,60.2,0,4,0,0,4,0,0,0.0
2026-04-23T17:03:41,499.85,0,0,0,0.0,0.0,-0.151957,0.0,60.2,0,4,0,0,4,0,0,0.0
2026-04-23T17:04:41,499.85,0,0,0,0.0,0.0,-0.151957,0.0,60.2,0,4,0,0,4,0,0,0.0
2026-04-23T17:05:41,499.85,0,0,0,0.0,0.0,-0.151957,0.0,60.2,0,4,0,0,4,0,0,0.0
2026-04-23T17:06:41,499.85,0,0,0,0.0,0.0,-0.151957,0.0,60.2,0,4,0,0,4,0,0,0.0
2026-04-23T17:07:41,499.85,0,0,0,0.0,0.0,-0.151957,0.0,60.2,0,4,0,0,4,0,0,0.0
2026-04-23T17:08:41,499.85,0,0,0,0.0,0.0,-0.151957,0.0,60.2,0,4,0,0,4,0,0,0.0
2026-04-23T17:09:41,499.85,0,0,0,0.0,0.0,-0.151957,0.0,60.2,0,4,0,0,4,0,0,0.0
2026-04-23T17:10:41,499.85,0,0,0,0.0,0.0,-0.151957,0.0,60.2,0,4,0,0,4,0,0,0.0
2026-04-23T17:11:41,499.85,0,0,0,0.0,0.0,-0.151957,0.0,60.2,0,4,0,0,4,0,0,0.0
2026-04-23T17:12:41,499.85,0,0,0,0.0,0.0,-0.151957,0.0,60.2,0,4,0,0,4,0,0,0.0
2026-04-23T17:13:41,499.85,0,0,0,0.0,0.0,-0.151957,0.0,60.2,0,4,0,0,4,0,0,0.0
2026-04-23T17:14:41,499.85,0,0,0,0.0,0.0,-0.151957,0.0,60.2,0,4,0,0,4,0,0,0.0
2026-04-23T17:15:42,499.85,0,0,0,0.0,0.0,-0.151957,0.0,60.2,0,4,0,0,4,0,0,0.0
2026-04-23T17:16:42,499.85,0,0,0,0.0,0.0,-0.151957,0.0,60.2,0,4,0,0,4,0,0,0.0
2026-04-23T17:17:42,499.85,0,0,0,0.0,0.0,-0.151957,0.0,60.2,0,4,0,0,4,0,0,0.0
2026-04-23T17:18:42,499.85,0,0,0,0.0,0.0,-0.151957,0.0,60.2,0,4,0,0,4,0,0,0.0
2026-04-23T17:19:42,499.85,0,0,0,0.0,0.0,-0.151957,0.0,60.2,0,4,0,0,4,0,0,0.0
2026-04-23T17:20:42,499.85,0,0,0,0.0,0.0,-0.151957,0.0,60.2,0,4,0,0,4,0,0,0.0
2026-04-23T17:21:42,499.85,0,0,0,0.0,0.0,-0.151957,0.0,60.2,0,4,0,0,4,0,0,0.0
2026-04-23T17:22:42,499.85,0,0,0,0.0,0.0,-0.151957,0.0,60.2,0,4,0,0,4,0,0,0.0
2026-04-23T17:23:42,499.85,0,0,0,0.0,0.0,-0.151957,0.0,60.2,0,4,0,0,4,0,0,0.0
2026-04-23T17:24:42,499.85,0,0,0,0.0,0.0,-0.151957,0.0,60.2,0,4,0,0,4,0,0,0.0
2026-04-23T17:25:42,499.85,0,0,0,0.0,0.0,-0.151957,0.0,60.2,0,4,0,0,4,0,0,0.0
2026-04-23T17:26:42,499.85,0,0,0,0.0,0.0,-0.151957,0.0,60.2,0,4,0,0,4,0,0,0.0
2026-04-23T17:27:42,499.85,0,0,0,0.0,0.0,-0.151957,0.0,60.2,0,4,0,0,4,0,0,0.0
2026-04-23T17:28:42,499.85,0,0,0,0.0,0.0,-0.151957,0.0,60.2,0,4,0,0,4,0,0,0.0
2026-04-23T17:29:42,499.85,0,0,0,0.0,0.0,-0.151957,0.0,60.2,0,4,0,0,4,0,0,0.0
2026-04-23T17:30:42,499.85,0,0,0,0.0,0.0,-0.151957,0.0,60.2,0,4,0,0,4,0,0,0.0
2026-04-23T17:31:42,499.85,0,0,0,0.0,0.0,-0.151957,0.0,60.2,0,4,0,0,4,0,0,0.0
2026-04-23T17:32:42,499.85,0,0,0,0.0,0.0,-0.151957,0.0,60.2,0,4,0,0,4,0,0,0.0
2026-04-23T17:33:42,499.85,0,0,0,0.0,0.0,-0.151957,0.0,60.2,0,4,0,0,4,0,0,0.0
2026-04-23T17:34:42,499.85,0,0,0,0.0,0.0,-0.151957,0.0,60.2,0,4,0,0,4,0,0,0.0
2026-04-23T17:35:42,499.85,0,0,0,0.0,0.0,-0.151957,0.0,60.2,0,4,0,0,4,0,0,0.0
2026-04-23T17:36:42,499.85,0,0,0,0.0,0.0,-0.151957,0.0,60.2,0,4,0,0,4,0,0,0.0
2026-04-23T17:37:42,499.85,0,0,0,0.0,0.0,-0.151957,0.0,60.2,0,4,0,0,4,0,0,0.0
2026-04-23T17:38:42,499.85,0,0,0,0.0,0.0,-0.151957,0.0,60.2,0,4,0,0,4,0,0,0.0
2026-04-23T17:39:42,499.85,0,0,0,0.0,0.0,-0.151957,0.0,60.2,0,4,0,0,4,0,0,0.0
2026-04-23T17:40:42,499.85,0,0,0,0.0,0.0,-0.151957,0.0,60.2,0,4,0,0,4,0,0,0.0
2026-04-23T17:41:42,499.85,0,0,0,0.0,0.0,-0.151957,0.0,60.2,0,4,0,0,4,0,0,0.0
2026-04-23T17:42:42,499.85,0,0,0,0.0,0.0,-0.151957,0.0,60.2,0,4,0,0,4,0,0,0.0
2026-04-23T17:43:42,499.85,0,0,0,0.0,0.0,-0.151957,0.0,60.2,0,4,0,0,4,0,0,0.0
2026-04-23T17:44:42,499.85,0,0,0,0.0,0.0,-0.151957,0.0,60.2,0,4,0,0,4,0,0,0.0
2026-04-23T17:45:42,499.85,0,0,0,0.0,0.0,-0.151957,0.0,60.2,0,4,0,0,4,0,0,0.0
2026-04-23T17:46:42,499.85,0,0,0,0.0,0.0,-0.151957,0.0,60.2,0,4,0,0,4,0,0,0.0
2026-04-23T17:47:42,499.85,0,0,0,0.0,0.0,-0.151957,0.0,60.2,0,4,0,0,4,0,0,0.0
2026-04-23T17:48:42,499.85,0,0,0,0.0,0.0,-0.151957,0.0,60.2,0,4,0,0,4,0,0,0.0
2026-04-23T17:49:42,499.85,0,0,0,0.0,0.0,-0.151957,0.0,60.2,0,4,0,0,4,0,0,0.0
2026-04-23T17:50:42,499.85,0,0,0,0.0,0.0,-0.151957,0.0,60.2,0,4,0,0,4,0,0,0.0
2026-04-23T17:51:42,499.85,0,0,0,0.0,0.0,-0.151957,0.0,60.2,0,4,0,0,4,0,0,0.0
2026-04-23T17:52:42,499.85,0,0,0,0.0,0.0,-0.151957,0.0,60.2,0,4,0,0,4,0,0,0.0
2026-04-23T17:53:42,499.85,0,0,0,0.0,0.0,-0.151957,0.0,60.2,0,4,0,0,4,0,0,0.0
2026-04-23T17:54:42,499.85,0,0,0,0.0,0.0,-0.151957,0.0,60.2,0,4,0,0,4,0,0,0.0
2026-04-23T17:55:42,499.85,0,0,0,0.0,0.0,-0.151957,0.0,60.2,0,4,0,0,4,0,0,0.0
2026-04-23T17:56:42,499.85,0,0,0,0.0,0.0,-0.151957,0.0,60.2,0,4,0,0,4,0,0,0.0
2026-04-23T17:57:42,499.85,0,0,0,0.0,0.0,-0.151957,0.0,60.2,0,4,0,0,4,0,0,0.0
2026-04-23T17:58:42,499.85,0,0,0,0.0,0.0,-0.151957,0.0,60.2,0,4,0,0,4,0,0,0.0
2026-04-23T17:59:42,499.85,0,0,0,0.0,0.0,-0.151957,0.0,60.2,0,4,0,0,4,0,0,0.0
2026-04-23T18:00:42,499.85,0,0,0,0.0,0.0,-0.151957,0.0,60.2,0,4,0,0,4,0,0,0.0
2026-04-23T18:01:42,499.85,0,0,0,0.0,0.0,-0.151957,0.0,60.2,0,4,0,0,4,0,0,0.0
2026-04-23T18:02:42,499.85,0,0,0,0.0,0.0,-0.151957,0.0,60.2,0,4,0,0,4,0,0,0.0
2026-04-23T18:03:42,499.85,0,0,0,0.0,0.0,-0.151957,0.0,60.2,0,4,0,0,4,0,0,0.0
2026-04-23T18:04:42,499.85,0,0,0,0.0,0.0,-0.151957,0.0,60.2,0,4,0,0,4,0,0,0.0
2026-04-23T18:05:42,499.85,0,0,0,0.0,0.0,-0.151957,0.0,60.2,0,4,0,0,4,0,0,0.0
2026-04-23T18:06:42,499.85,0,0,0,0.0,0.0,-0.151957,0.0,60.2,0,4,0,0,4,0,0,0.0
2026-04-23T18:07:42,499.85,0,0,0,0.0,0.0,-0.151957,0.0,60.2,0,4,0,0,4,0,0,0.0
2026-04-23T18:08:42,499.85,0,0,0,0.0,0.0,-0.151957,0.0,60.2,0,4,0,0,4,0,0,0.0
2026-04-23T18:09:42,499.85,0,0,0,0.0,0.0,-0.151957,0.0,60.2,0,4,0,0,4,0,0,0.0
2026-04-23T18:10:42,499.85,0,0,0,0.0,0.0,-0.151957,0.0,60.2,0,4,0,0,4,0,0,0.0
2026-04-23T18:11:42,499.85,0,0,0,0.0,0.0,-0.151957,0.0,60.2,0,4,0,0,4,0,0,0.0
2026-04-23T18:12:42,499.85,0,0,0,0.0,0.0,-0.151957,0.0,60.2,0,4,0,0,4,0,0,0.0
2026-04-23T18:13:42,499.85,0,0,0,0.0,0.0,-0.151957,0.0,60.2,0,4,0,0,4,0,0,0.0
2026-04-23T18:14:42,499.85,0,0,0,0.0,0.0,-0.151957,0.0,60.2,0,4,0,0,4,0,0,0.0
2026-04-23T18:15:42,499.85,0,0,0,0.0,0.0,-0.151957,0.0,60.2,0,4,0,0,4,0,0,0.0
2026-04-23T18:16:42,499.85,0,0,0,0.0,0.0,-0.151957,0.0,60.2,0,4,0,0,4,0,0,0.0
2026-04-23T18:17:42,499.85,0,0,0,0.0,0.0,-0.151957,0.0,60.2,0,4,0,0,4,0,0,0.0
2026-04-23T18:18:42,499.85,0,0,0,0.0,0.0,-0.151957,0.0,60.2,0,4,0,0,4,0,0,0.0
2026-04-23T18:19:42,499.85,0,0,0,0.0,0.0,-0.151957,0.0,60.2,0,4,0,0,4,0,0,0.0
2026-04-23T18:20:42,499.85,0,0,0,0.0,0.0,-0.151957,0.0,60.2,0,4,0,0,4,0,0,0.0
2026-04-23T18:21:42,499.85,0,0,0,0.0,0.0,-0.151957,0.0,60.2,0,4,0,0,4,0,0,0.0
2026-04-23T18:22:42,499.85,0,0,0,0.0,0.0,-0.151957,0.0,60.2,0,4,0,0,4,0,0,0.0
2026-04-23T18:23:42,499.85,0,0,0,0.0,0.0,-0.151957,0.0,60.2,0,4,0,0,4,0,0,0.0
2026-04-23T18:24:42,499.85,0,0,0,0.0,0.0,-0.151957,0.0,60.2,0,4,0,0,4,0,0,0.0
2026-04-23T18:25:42,499.85,0,0,0,0.0,0.0,-0.151957,0.0,60.2,0,4,0,0,4,0,0,0.0
2026-04-23T18:26:42,499.85,0,0,0,0.0,0.0,-0.151957,0.0,60.2,0,4,0,0,4,0,0,0.0
2026-04-23T18:27:42,499.85,0,0,0,0.0,0.0,-0.151957,0.0,60.2,0,4,0,0,4,0,0,0.0
2026-04-23T18:28:42,499.85,0,0,0,0.0,0.0,-0.151957,0.0,60.2,0,4,0,0,4,0,0,0.0
2026-04-23T18:29:42,499.85,0,0,0,0.0,0.0,-0.151957,0.0,60.2,0,4,0,0,4,0,0,0.0
2026-04-23T18:30:42,499.85,0,0,0,0.0,0.0,-0.151957,0.0,60.2,0,4,0,0,4,0,0,0.0
2026-04-23T18:31:42,499.85,0,0,0,0.0,0.0,-0.151957,0.0,60.2,0,4,0,0,4,0,0,0.0
2026-04-23T18:32:42,499.85,0,0,0,0.0,0.0,-0.151957,0.0,60.2,0,4,0,0,4,0,0,0.0
2026-04-23T18:33:42,499.85,0,0,0,0.0,0.0,-0.151957,0.0,60.2,0,4,0,0,4,0,0,0.0
2026-04-23T18:34:42,499.85,0,0,0,0.0,0.0,-0.151957,0.0,60.2,0,4,0,0,4,0,0,0.0
2026-04-23T18:35:42,499.85,0,0,0,0.0,0.0,-0.151957,0.0,60.2,0,4,0,0,4,0,0,0.0
2026-04-23T18:36:42,499.85,0,0,0,0.0,0.0,-0.151957,0.0,60.2,0,4,0,0,4,0,0,0.0
2026-04-23T18:37:42,499.85,0,0,0,0.0,0.0,-0.151957,0.0,60.2,0,4,0,0,4,0,0,0.0
2026-04-23T18:38:42,499.85,0,0,0,0.0,0.0,-0.151957,0.0,60.2,0,4,0,0,4,0,0,0.0
2026-04-23T18:39:42,499.85,0,0,0,0.0,0.0,-0.151957,0.0,60.2,0,4,0,0,4,0,0,0.0
2026-04-23T18:40:42,499.85,0,0,0,0.0,0.0,-0.151957,0.0,60.2,0,4,0,0,4,0,0,0.0
2026-04-23T18:41:42,499.85,0,0,0,0.0,0.0,-0.151957,0.0,60.2,0,4,0,0,4,0,0,0.0
2026-04-23T18:42:42,499.85,0,0,0,0.0,0.0,-0.151957,0.0,60.2,0,4,0,0,4,0,0,0.0
2026-04-23T18:43:42,499.85,0,0,0,0.0,0.0,-0.151957,0.0,60.2,0,4,0,0,4,0,0,0.0
2026-04-23T18:44:42,499.85,0,0,0,0.0,0.0,-0.151957,0.0,60.2,0,4,0,0,4,0,0,0.0
2026-04-23T18:45:42,499.85,0,0,0,0.0,0.0,-0.151957,0.0,60.2,0,4,0,0,4,0,0,0.0
2026-04-23T18:46:42,499.85,0,0,0,0.0,0.0,-0.151957,0.0,60.2,0,4,0,0,4,0,0,0.0
2026-04-23T18:47:42,499.85,0,0,0,0.0,0.0,-0.151957,0.0,60.2,0,4,0,0,4,0,0,0.0
2026-04-23T18:48:42,499.85,0,0,0,0.0,0.0,-0.151957,0.0,60.2,0,4,0,0,4,0,0,0.0
2026-04-23T18:49:42,499.85,0,0,0,0.0,0.0,-0.151957,0.0,60.2,0,4,0,0,4,0,0,0.0
2026-04-23T18:50:42,499.85,0,0,0,0.0,0.0,-0.151957,0.0,60.2,0,4,0,0,4,0,0,0.0
2026-04-23T18:51:42,499.85,0,0,0,0.0,0.0,-0.151957,0.0,60.2,0,4,0,0,4,0,0,0.0
2026-04-23T18:52:42,499.85,0,0,0,0.0,0.0,-0.151957,0.0,60.2,0,4,0,0,4,0,0,0.0
2026-04-23T18:53:42,499.85,0,0,0,0.0,0.0,-0.151957,0.0,60.2,0,4,0,0,4,0,0,0.0
2026-04-23T18:54:42,499.85,0,0,0,0.0,0.0,-0.151957,0.0,60.2,0,4,0,0,4,0,0,0.0
2026-04-23T18:55:42,499.85,0,0,0,0.0,0.0,-0.151957,0.0,60.2,0,4,0,0,4,0,0,0.0
2026-04-23T18:56:42,499.85,0,0,0,0.0,0.0,-0.151957,0.0,60.2,0,4,0,0,4,0,0,0.0
2026-04-23T18:57:42,499.85,0,0,0,0.0,0.0,-0.151957,0.0,60.2,0,4,0,0,4,0,0,0.0
2026-04-23T18:58:42,499.85,0,0,0,0.0,0.0,-0.151957,0.0,60.2,0,4,0,0,4,0,0,0.0
2026-04-23T18:59:42,499.85,0,0,0,0.0,0.0,-0.151957,0.0,60.2,0,4,0,0,4,0,0,0.0
2026-04-23T19:00:42,499.85,0,0,0,0.0,0.0,-0.151957,0.0,60.2,0,4,0,0,4,0,0,0.0
2026-04-23T19:01:42,499.85,0,0,0,0.0,0.0,-0.151957,0.0,60.2,0,4,0,0,4,0,0,0.0
2026-04-23T19:02:42,499.85,0,0,0,0.0,0.0,-0.151957,0.0,60.2,0,4,0,0,4,0,0,0.0
2026-04-23T19:03:42,499.85,0,0,0,0.0,0.0,-0.151957,0.0,60.2,0,4,0,0,4,0,0,0.0
2026-04-23T19:04:42,499.85,0,0,0,0.0,0.0,-0.151957,0.0,60.2,0,4,0,0,4,0,0,0.0
2026-04-23T19:05:42,499.85,0,0,0,0.0,0.0,-0.151957,0.0,60.2,0,4,0,0,4,0,0,0.0
2026-04-23T19:06:42,499.85,0,0,0,0.0,0.0,-0.151957,0.0,60.2,0,4,0,0,4,0,0,0.0
2026-04-23T19:07:42,499.85,0,0,0,0.0,0.0,-0.151957,0.0,60.2,0,4,0,0,4,0,0,0.0
2026-04-23T19:08:42,499.85,0,0,0,0.0,0.0,-0.151957,0.0,60.2,0,4,0,0,4,0,0,0.0
2026-04-23T19:09:42,499.85,0,0,0,0.0,0.0,-0.151957,0.0,60.2,0,4,0,0,4,0,0,0.0
2026-04-23T19:10:42,499.85,0,0,0,0.0,0.0,-0.151957,0.0,60.2,0,4,0,0,4,0,0,0.0
2026-04-23T19:11:42,499.85,0,0,0,0.0,0.0,-0.151957,0.0,60.2,0,4,0,0,4,0,0,0.0
2026-04-23T19:12:42,499.85,0,0,0,0.0,0.0,-0.151957,0.0,60.2,0,4,0,0,4,0,0,0.0
2026-04-23T19:13:42,499.85,0,0,0,0.0,0.0,-0.151957,0.0,60.2,0,4,0,0,4,0,0,0.0
2026-04-23T19:14:42,499.85,0,0,0,0.0,0.0,-0.151957,0.0,60.2,0,4,0,0,4,0,0,0.0
2026-04-23T19:15:42,499.85,0,0,0,0.0,0.0,-0.151957,0.0,60.2,0,4,0,0,4,0,0,0.0
2026-04-23T19:16:42,499.85,0,0,0,0.0,0.0,-0.151957,0.0,60.2,0,4,0,0,4,0,0,0.0
2026-04-23T19:17:42,499.85,0,0,0,0.0,0.0,-0.151957,0.0,60.2,0,4,0,0,4,0,0,0.0
2026-04-23T19:18:42,499.85,0,0,0,0.0,0.0,-0.151957,0.0,60.2,0,4,0,0,4,0,0,0.0
2026-04-23T19:19:42,499.85,0,0,0,0.0,0.0,-0.151957,0.0,60.2,0,4,0,0,4,0,0,0.0
2026-04-23T19:20:42,499.85,0,0,0,0.0,0.0,-0.151957,0.0,60.2,0,4,0,0,4,0,0,0.0
2026-04-23T19:21:42,499.85,0,0,0,0.0,0.0,-0.151957,0.0,60.2,0,4,0,0,4,0,0,0.0
2026-04-23T19:22:42,499.85,0,0,0,0.0,0.0,-0.151957,0.0,60.2,0,4,0,0,4,0,0,0.0
2026-04-23T19:23:43,499.85,0,0,0,0.0,0.0,-0.151957,0.0,60.2,0,4,0,0,4,0,0,0.0
2026-04-23T19:24:43,499.85,0,0,0,0.0,0.0,-0.151957,0.0,60.2,0,4,0,0,4,0,0,0.0
2026-04-23T19:25:43,499.85,0,0,0,0.0,0.0,-0.151957,0.0,60.2,0,4,0,0,4,0,0,0.0
2026-04-23T19:26:43,499.85,0,0,0,0.0,0.0,-0.151957,0.0,60.2,0,4,0,0,4,0,0,0.0
2026-04-23T19:27:43,499.85,0,0,0,0.0,0.0,-0.151957,0.0,60.2,0,4,0,0,4,0,0,0.0
2026-04-23T19:28:43,499.85,0,0,0,0.0,0.0,-0.151957,0.0,60.2,0,4,0,0,4,0,0,0.0
2026-04-23T19:29:43,499.85,0,0,0,0.0,0.0,-0.151957,0.0,60.2,0,4,0,0,4,0,0,0.0
2026-04-23T19:30:43,499.85,0,0,0,0.0,0.0,-0.151957,0.0,60.2,0,4,0,0,4,0,0,0.0
2026-04-23T19:31:43,499.85,0,0,0,0.0,0.0,-0.151957,0.0,60.2,0,4,0,0,4,0,0,0.0
2026-04-23T19:32:43,499.85,0,0,0,0.0,0.0,-0.151957,0.0,60.2,0,4,0,0,4,0,0,0.0
2026-04-23T19:33:43,499.85,0,0,0,0.0,0.0,-0.151957,0.0,60.2,0,4,0,0,4,0,0,0.0
2026-04-23T19:34:43,499.85,0,0,0,0.0,0.0,-0.151957,0.0,60.2,0,4,0,0,4,0,0,0.0
2026-04-23T19:35:43,499.85,0,0,0,0.0,0.0,-0.151957,0.0,60.2,0,4,0,0,4,0,0,0.0
2026-04-23T19:36:43,499.85,0,0,0,0.0,0.0,-0.151957,0.0,60.2,0,4,0,0,4,0,0,0.0
2026-04-23T19:37:43,499.85,0,0,0,0.0,0.0,-0.151957,0.0,60.2,0,4,0,0,4,0,0,0.0
2026-04-23T19:38:43,499.85,0,0,0,0.0,0.0,-0.151957,0.0,60.2,0,4,0,0,4,0,0,0.0
2026-04-23T19:39:43,499.85,0,0,0,0.0,0.0,-0.151957,0.0,60.2,0,4,0,0,4,0,0,0.0
2026-04-23T19:40:43,499.85,0,0,0,0.0,0.0,-0.151957,0.0,60.2,0,4,0,0,4,0,0,0.0
2026-04-23T19:41:43,499.85,0,0,0,0.0,0.0,-0.151957,0.0,60.2,0,4,0,0,4,0,0,0.0
2026-04-23T19:42:43,499.85,0,0,0,0.0,0.0,-0.151957,0.0,60.2,0,4,0,0,4,0,0,0.0
2026-04-23T19:43:43,499.85,0,0,0,0.0,0.0,-0.151957,0.0,60.2,0,4,0,0,4,0,0,0.0
2026-04-23T19:44:43,499.85,0,0,0,0.0,0.0,-0.151957,0.0,60.2,0,4,0,0,4,0,0,0.0
2026-04-23T19:45:43,499.85,0,0,0,0.0,0.0,-0.151957,0.0,60.2,0,4,0,0,4,0,0,0.0
2026-04-23T19:46:43,499.85,0,0,0,0.0,0.0,-0.151957,0.0,60.2,0,4,0,0,4,0,0,0.0
2026-04-23T19:47:43,499.85,0,0,0,0.0,0.0,-0.151957,0.0,60.2,0,4,0,0,4,0,0,0.0
2026-04-23T19:48:43,499.85,0,0,0,0.0,0.0,-0.151957,0.0,60.2,0,4,0,0,4,0,0,0.0
2026-04-23T19:49:43,499.85,0,0,0,0.0,0.0,-0.151957,0.0,60.2,0,4,0,0,4,0,0,0.0
2026-04-23T19:50:43,499.85,0,0,0,0.0,0.0,-0.151957,0.0,60.2,0,4,0,0,4,0,0,0.0
2026-04-23T19:51:43,499.85,0,0,0,0.0,0.0,-0.151957,0.0,60.2,0,4,0,0,4,0,0,0.0
2026-04-23T19:52:43,499.85,0,0,0,0.0,0.0,-0.151957,0.0,60.2,0,4,0,0,4,0,0,0.0
2026-04-23T19:53:43,499.85,0,0,0,0.0,0.0,-0.151957,0.0,60.2,0,4,0,0,4,0,0,0.0
2026-04-23T19:54:43,499.85,0,0,0,0.0,0.0,-0.151957,0.0,60.2,0,4,0,0,4,0,0,0.0
2026-04-23T19:55:43,499.85,0,0,0,0.0,0.0,-0.151957,0.0,60.2,0,4,0,0,4,0,0,0.0
2026-04-23T19:56:43,499.85,0,0,0,0.0,0.0,-0.151957,0.0,60.2,0,4,0,0,4,0,0,0.0
2026-04-23T19:57:43,499.85,0,0,0,0.0,0.0,-0.151957,0.0,60.2,0,4,0,0,4,0,0,0.0
2026-04-23T19:58:43,499.85,0,0,0,0.0,0.0,-0.151957,0.0,60.2,0,4,0,0,4,0,0,0.0
2026-04-23T19:59:43,499.85,0,0,0,0.0,0.0,-0.151957,0.0,60.2,0,4,0,0,4,0,0,0.0
2026-04-23T20:00:43,499.85,0,0,0,0.0,0.0,-0.151957,0.0,60.2,0,4,0,0,4,0,0,0.0
2026-04-23T20:01:43,499.85,0,0,0,0.0,0.0,-0.151957,0.0,60.2,0,4,0,0,4,0,0,0.0
2026-04-23T20:02:43,499.85,0,0,0,0.0,0.0,-0.151957,0.0,60.2,0,4,0,0,4,0,0,0.0
2026-04-23T20:03:43,499.85,0,0,0,0.0,0.0,-0.151957,0.0,60.2,0,4,0,0,4,0,0,0.0
2026-04-23T20:04:43,499.85,0,0,0,0.0,0.0,-0.151957,0.0,60.2,0,4,0,0,4,0,0,0.0
2026-04-23T20:05:43,499.85,0,0,0,0.0,0.0,-0.151957,0.0,60.2,0,4,0,0,4,0,0,0.0
2026-04-23T20:06:43,499.85,0,0,0,0.0,0.0,-0.151957,0.0,60.2,0,4,0,0,4,0,0,0.0
2026-04-23T20:07:43,499.85,0,0,0,0.0,0.0,-0.151957,0.0,60.2,0,4,0,0,4,0,0,0.0
2026-04-23T20:08:43,499.85,0,0,0,0.0,0.0,-0.151957,0.0,60.2,0,4,0,0,4,0,0,0.0
2026-04-23T20:09:43,499.85,0,0,0,0.0,0.0,-0.151957,0.0,60.2,0,4,0,0,4,0,0,0.0
2026-04-23T20:10:43,499.85,0,0,0,0.0,0.0,-0.151957,0.0,60.2,0,4,0,0,4,0,0,0.0
2026-04-23T20:11:43,499.85,0,0,0,0.0,0.0,-0.151957,0.0,60.2,0,4,0,0,4,0,0,0.0
2026-04-23T20:12:43,499.85,0,0,0,0.0,0.0,-0.151957,0.0,60.2,0,4,0,0,4,0,0,0.0
2026-04-23T20:13:43,499.85,0,0,0,0.0,0.0,-0.151957,0.0,60.2,0,4,0,0,4,0,0,0.0
2026-04-23T20:14:43,499.85,0,0,0,0.0,0.0,-0.151957,0.0,60.2,0,4,0,0,4,0,0,0.0
2026-04-23T20:15:43,499.85,0,0,0,0.0,0.0,-0.151957,0.0,60.2,0,4,0,0,4,0,0,0.0
2026-04-23T20:16:43,499.85,0,0,0,0.0,0.0,-0.151957,0.0,60.2,0,4,0,0,4,0,0,0.0
2026-04-23T20:17:43,499.85,0,0,0,0.0,0.0,-0.151957,0.0,60.2,0,4,0,0,4,0,0,0.0
2026-04-23T20:18:43,499.85,0,0,0,0.0,0.0,-0.151957,0.0,60.2,0,4,0,0,4,0,0,0.0
2026-04-23T20:19:43,499.85,0,0,0,0.0,0.0,-0.151957,0.0,60.2,0,4,0,0,4,0,0,0.0
2026-04-23T20:20:43,499.85,0,0,0,0.0,0.0,-0.151957,0.0,60.2,0,4,0,0,4,0,0,0.0
2026-04-23T20:21:43,499.85,0,0,0,0.0,0.0,-0.151957,0.0,60.2,0,4,0,0,4,0,0,0.0
2026-04-23T20:22:43,499.85,0,0,0,0.0,0.0,-0.151957,0.0,60.2,0,4,0,0,4,0,0,0.0
2026-04-23T20:23:43,499.85,0,0,0,0.0,0.0,-0.151957,0.0,60.2,0,4,0,0,4,0,0,0.0
2026-04-23T20:24:43,499.85,0,0,0,0.0,0.0,-0.151957,0.0,60.2,0,4,0,0,4,0,0,0.0
2026-04-23T20:25:43,499.85,0,0,0,0.0,0.0,-0.151957,0.0,60.2,0,4,0,0,4,0,0,0.0
2026-04-23T20:26:43,499.85,0,0,0,0.0,0.0,-0.151957,0.0,60.2,0,4,0,0,4,0,0,0.0
2026-04-23T20:27:43,499.85,0,0,0,0.0,0.0,-0.151957,0.0,60.2,0,4,0,0,4,0,0,0.0
2026-04-23T20:28:43,499.85,0,0,0,0.0,0.0,-0.151957,0.0,60.2,0,4,0,0,4,0,0,0.0
2026-04-23T20:29:43,499.85,0,0,0,0.0,0.0,-0.151957,0.0,60.2,0,4,0,0,4,0,0,0.0
2026-04-23T20:30:43,499.85,0,0,0,0.0,0.0,-0.151957,0.0,60.2,0,4,0,0,4,0,0,0.0
2026-04-23T20:31:43,499.85,0,0,0,0.0,0.0,-0.151957,0.0,60.2,0,4,0,0,4,0,0,0.0
2026-04-23T20:32:43,499.85,0,0,0,0.0,0.0,-0.151957,0.0,60.2,0,4,0,0,4,0,0,0.0
2026-04-23T20:33:43,499.85,0,0,0,0.0,0.0,-0.151957,0.0,60.2,0,4,0,0,4,0,0,0.0
2026-04-23T20:34:43,499.85,0,0,0,0.0,0.0,-0.151957,0.0,60.2,0,4,0,0,4,0,0,0.0
2026-04-23T20:35:43,499.85,0,0,0,0.0,0.0,-0.151957,0.0,60.2,0,4,0,0,4,0,0,0.0
2026-04-23T20:36:43,499.85,0,0,0,0.0,0.0,-0.151957,0.0,60.2,0,4,0,0,4,0,0,0.0
2026-04-23T20:37:43,499.85,0,0,0,0.0,0.0,-0.151957,0.0,60.2,0,4,0,0,4,0,0,0.0
2026-04-23T20:38:43,499.85,0,0,0,0.0,0.0,-0.151957,0.0,60.2,0,4,0,0,4,0,0,0.0
2026-04-23T20:39:43,499.85,0,0,0,0.0,0.0,-0.151957,0.0,60.2,0,4,0,0,4,0,0,0.0
2026-04-23T20:40:43,499.85,0,0,0,0.0,0.0,-0.151957,0.0,60.2,0,4,0,0,4,0,0,0.0
2026-04-23T20:41:43,499.85,0,0,0,0.0,0.0,-0.151957,0.0,60.2,0,4,0,0,4,0,0,0.0
2026-04-23T20:42:43,499.85,0,0,0,0.0,0.0,-0.151957,0.0,60.2,0,4,0,0,4,0,0,0.0
2026-04-23T20:43:43,499.85,0,0,0,0.0,0.0,-0.151957,0.0,60.2,0,4,0,0,4,0,0,0.0
2026-04-23T20:44:43,499.85,0,0,0,0.0,0.0,-0.151957,0.0,60.2,0,4,0,0,4,0,0,0.0
2026-04-23T20:45:43,499.85,0,0,0,0.0,0.0,-0.151957,0.0,60.2,0,4,0,0,4,0,0,0.0
2026-04-23T20:46:43,499.85,0,0,0,0.0,0.0,-0.151957,0.0,60.2,0,4,0,0,4,0,0,0.0
2026-04-23T20:47:43,499.85,0,0,0,0.0,0.0,-0.151957,0.0,60.2,0,4,0,0,4,0,0,0.0
2026-04-23T20:48:43,499.85,0,0,0,0.0,0.0,-0.151957,0.0,60.2,0,4,0,0,4,0,0,0.0
2026-04-23T20:49:43,499.85,0,0,0,0.0,0.0,-0.151957,0.0,60.2,0,4,0,0,4,0,0,0.0
2026-04-23T20:50:43,499.85,0,0,0,0.0,0.0,-0.151957,0.0,60.2,0,4,0,0,4,0,0,0.0
2026-04-23T20:51:43,499.85,0,0,0,0.0,0.0,-0.151957,0.0,60.2,0,4,0,0,4,0,0,0.0
2026-04-23T20:52:43,499.85,0,0,0,0.0,0.0,-0.151957,0.0,60.2,0,4,0,0,4,0,0,0.0
2026-04-23T20:53:43,499.85,0,0,0,0.0,0.0,-0.151957,0.0,60.2,0,4,0,0,4,0,0,0.0
2026-04-23T20:54:43,499.85,0,0,0,0.0,0.0,-0.151957,0.0,60.2,0,4,0,0,4,0,0,0.0
2026-04-23T20:55:43,499.85,0,0,0,0.0,0.0,-0.151957,0.0,60.2,0,4,0,0,4,0,0,0.0
2026-04-23T20:56:43,499.85,0,0,0,0.0,0.0,-0.151957,0.0,60.2,0,4,0,0,4,0,0,0.0
2026-04-23T20:57:43,499.85,0,0,0,0.0,0.0,-0.151957,0.0,60.2,0,4,0,0,4,0,0,0.0
2026-04-23T20:58:43,499.85,0,0,0,0.0,0.0,-0.151957,0.0,60.2,0,4,0,0,4,0,0,0.0
2026-04-23T20:59:43,499.85,0,0,0,0.0,0.0,-0.151957,0.0,60.2,0,4,0,0,4,0,0,0.0
2026-04-23T21:00:43,499.85,0,0,0,0.0,0.0,-0.151957,0.0,60.2,0,4,0,0,4,0,0,0.0
2026-04-23T21:01:43,499.85,0,0,0,0.0,0.0,-0.151957,0.0,60.2,0,4,0,0,4,0,0,0.0
2026-04-23T21:02:43,499.85,0,0,0,0.0,0.0,-0.151957,0.0,60.2,0,4,0,0,4,0,0,0.0
2026-04-23T21:03:43,499.85,0,0,0,0.0,0.0,-0.151957,0.0,60.2,0,4,0,0,4,0,0,0.0
2026-04-23T21:04:43,499.85,0,0,0,0.0,0.0,-0.151957,0.0,60.2,0,4,0,0,4,0,0,0.0
2026-04-23T21:05:43,499.85,0,0,0,0.0,0.0,-0.151957,0.0,60.2,0,4,0,0,4,0,0,0.0
2026-04-23T21:06:43,499.85,0,0,0,0.0,0.0,-0.151957,0.0,60.2,0,4,0,0,4,0,0,0.0
2026-04-23T21:07:43,499.85,0,0,0,0.0,0.0,-0.151957,0.0,60.2,0,4,0,0,4,0,0,0.0
2026-04-23T21:08:43,499.85,0,0,0,0.0,0.0,-0.151957,0.0,60.2,0,4,0,0,4,0,0,0.0
2026-04-23T21:09:43,499.85,0,0,0,0.0,0.0,-0.151957,0.0,60.2,0,4,0,0,4,0,0,0.0
2026-04-23T21:10:43,499.85,0,0,0,0.0,0.0,-0.151957,0.0,60.2,0,4,0,0,4,0,0,0.0
2026-04-23T21:11:43,499.85,0,0,0,0.0,0.0,-0.151957,0.0,60.2,0,4,0,0,4,0,0,0.0
2026-04-23T21:12:43,499.85,0,0,0,0.0,0.0,-0.151957,0.0,60.2,0,4,0,0,4,0,0,0.0
2026-04-23T21:13:43,499.85,0,0,0,0.0,0.0,-0.151957,0.0,60.2,0,4,0,0,4,0,0,0.0
2026-04-23T21:14:43,499.85,0,0,0,0.0,0.0,-0.151957,0.0,60.2,0,4,0,0,4,0,0,0.0
2026-04-23T21:15:43,499.85,0,0,0,0.0,0.0,-0.151957,0.0,60.2,0,4,0,0,4,0,0,0.0
2026-04-23T21:16:43,499.85,0,0,0,0.0,0.0,-0.151957,0.0,60.2,0,4,0,0,4,0,0,0.0
2026-04-23T21:17:43,499.85,0,0,0,0.0,0.0,-0.151957,0.0,60.2,0,4,0,0,4,0,0,0.0
2026-04-23T21:18:43,499.85,0,0,0,0.0,0.0,-0.151957,0.0,60.2,0,4,0,0,4,0,0,0.0
2026-04-24T07:14:58,499.85,0,0,0,0.0,0.0,-0.151957,0.0,60.2,0,4,0,0,4,0,0,0.0
2026-04-24T07:15:34,499.85,0,0,0,0.0,0,0.0,0.0,0.0,0,0,0,0,0,2,0,0.0
2026-04-28T21:21:04,500.0,0,0,0,0.0,0.0,0.0,0.0,0.0,0,0,0,0,0,0,0,0.0
2026-04-28T21:22:04,500.0,1,0,0,0.0,0.0,0.0,0.0,0.0,0,0,0,0,0,0,0,0.0
2026-04-28T21:23:04,499.95,0,0,0,0.0,-0.052162,-0.052162,0.0,60.3,0,1,0,0,1,0,0,0.0
2026-04-28T21:24:04,499.95,0,0,0,0.0,-0.052162,-0.052162,0.0,60.3,0,1,0,0,1,0,0,0.0
2026-04-28T21:25:04,499.95,0,2,0,0.0,-0.052162,-0.052162,0.0,60.3,0,1,0,0,1,0,0,0.0
2026-04-28T21:26:04,499.95,0,0,0,0.0,-0.052162,-0.052162,0.0,60.3,0,1,0,0,1,0,0,0.0
2026-04-28T21:27:04,499.95,0,2,0,0.0,-0.052162,-0.052162,0.0,60.3,0,1,0,0,1,0,0,0.0
2026-04-28T21:28:04,499.95,0,2,0,0.0,-0.052162,-0.052162,0.0,60.3,0,1,0,0,1,0,0,0.0
2026-04-28T21:29:04,499.95,0,0,0,0.0,-0.052162,-0.052162,0.0,60.3,0,1,0,0,1,0,0,0.0
2026-04-28T21:30:04,499.95,1,0,0,0.0,-0.052162,-0.052162,0.0,60.3,0,1,0,0,1,0,0,0.0
2026-04-28T21:31:04,499.84,0,4,0,0.0,-0.164964,-0.164964,0.0,60.2,0,2,0,0,2,0,0,0.0
2026-04-28T21:32:04,499.84,0,0,0,0.0,-0.164964,-0.164964,0.0,60.2,0,2,0,0,2,0,0,0.0
2026-04-28T21:33:04,499.84,0,0,0,0.0,-0.164964,-0.164964,0.0,60.2,0,2,0,0,2,0,0,0.0
2026-04-28T21:34:04,499.84,0,0,0,0.0,-0.164964,-0.164964,0.0,60.2,0,2,0,0,2,0,0,0.0
2026-04-28T21:35:04,499.84,0,0,0,0.0,-0.164964,-0.164964,0.0,60.2,0,2,0,0,2,0,0,0.0
2026-04-28T21:36:04,499.84,0,2,0,0.0,-0.164964,-0.164964,0.0,60.2,0,2,0,0,2,0,0,0.0
2026-04-28T21:37:04,499.84,1,2,0,0.0,-0.164964,-0.164964,0.0,60.2,0,2,0,0,2,0,0,0.0
2026-04-28T21:38:04,499.81,1,0,1,-0.023375,-0.164964,-0.188339,0.0,60.2,0,3,0,0,3,0,0,0.0
2026-04-28T21:39:04,499.67,0,0,0,0.0,-0.330765,-0.330765,0.0,60.2,0,4,0,0,4,0,0,0.0
2026-04-28T21:40:04,499.67,0,0,0,0.0,-0.330765,-0.330765,0.0,60.2,0,4,0,0,4,0,0,0.0
2026-04-28T21:41:04,499.67,0,0,0,0.0,-0.330765,-0.330765,0.0,60.2,0,4,0,0,4,0,0,0.0
2026-04-28T21:42:04,499.67,0,0,0,0.0,-0.330765,-0.330765,0.0,60.2,0,4,0,0,4,0,0,0.0
2026-04-28T21:43:04,499.67,0,0,0,0.0,-0.330765,-0.330765,0.0,60.2,0,4,0,0,4,0,0,0.0
2026-04-28T21:44:04,499.67,0,0,0,0.0,-0.330765,-0.330765,0.0,60.2,0,4,0,0,4,0,0,0.0
2026-04-28T21:45:04,499.67,0,0,0,0.0,-0.330765,-0.330765,0.0,60.2,0,4,0,0,4,0,0,0.0
2026-04-28T21:46:04,499.67,0,0,0,0.0,-0.330765,-0.330765,0.0,60.2,0,4,0,0,4,0,0,0.0
2026-04-28T21:47:04,499.67,0,0,0,0.0,-0.330765,-0.330765,0.0,60.2,0,4,0,0,4,0,0,0.0
2026-04-28T21:48:04,499.67,0,0,0,0.0,-0.330765,-0.330765,0.0,60.2,0,4,0,0,4,0,0,0.0
2026-04-28T21:48:40,499.67,0,0,0,0.0,-0.330765,-0.330765,0.0,60.2,0,4,0,0,4,0,0,0.0
2026-05-02T15:41:18,500.0,3,0,0,0.0,0.0,0.0,0.0,0.0,0,0,0,0,0,0,0,0.0
2026-05-02T15:42:18,499.94,0,0,0,0.0,-0.063762,-0.063762,0.3333,60.5,1,2,0,0,3,0,0,0.0
2026-05-02T15:43:18,499.94,0,0,0,0.0,-0.063762,-0.063762,0.3333,60.5,1,2,0,0,3,0,0,0.0
2026-05-02T15:44:18,499.94,0,2,0,0.0,-0.063762,-0.063762,0.3333,60.5,1,2,0,0,3,0,0,0.0
2026-05-02T15:45:18,499.94,1,0,0,0.0,-0.063762,-0.063762,0.3333,60.5,1,2,0,0,3,0,0,0.0
2026-05-02T15:46:18,499.87,0,0,0,0.0,-0.131449,-0.131449,0.25,60.5,1,3,0,0,4,0,0,0.0
2026-05-02T15:47:18,499.87,0,4,0,0.0,-0.131449,-0.131449,0.25,60.5,1,3,0,0,4,0,0,0.0
2026-05-02T15:48:18,499.87,1,0,0,0.0,-0.131449,-0.131449,0.25,60.5,1,3,0,0,4,0,0,0.0
2026-05-02T15:49:18,499.79,0,0,0,0.0,-0.211017,-0.211017,0.2,60.4,1,4,0,0,5,0,0,0.0
2026-05-02T15:50:18,499.79,2,0,0,0.0,-0.211017,-0.211017,0.2,60.4,1,4,0,0,5,0,0,0.0
2026-05-02T15:51:18,499.73,1,0,0,0.0,-0.270775,-0.270775,0.2857,60.4,2,5,0,0,7,0,0,0.0
2026-05-02T15:52:18,499.68,0,2,0,0.0,-0.318685,-0.318685,0.25,60.3,2,6,0,0,8,0,0,0.0
2026-05-02T15:53:18,499.68,1,0,0,0.0,-0.318685,-0.318685,0.25,60.3,2,6,0,0,8,0,0,0.0
2026-05-02T15:54:18,499.71,2,0,1,0.029874,-0.318685,-0.288811,0.3333,60.3,3,6,0,0,9,0,0,0.0
2026-05-02T15:55:18,499.71,0,2,0,0.0,-0.289526,-0.289526,0.3636,60.3,4,7,0,0,11,0,0,0.0
2026-05-02T15:56:18,499.71,1,0,0,0.0,-0.289526,-0.289526,0.3636,60.3,4,7,0,0,11,0,0,0.0
2026-05-02T15:57:18,499.71,1,0,0,0.0,-0.286212,-0.286212,0.4167,60.3,5,7,0,0,12,0,0,0.0
2026-05-02T15:58:18,499.72,2,0,0,0.0,-0.280713,-0.280713,0.4615,60.3,6,7,0,0,13,0,0,0.0
2026-05-02T15:59:18,499.66,1,0,2,-0.059089,-0.280713,-0.339802,0.4667,60.3,7,8,0,0,15,0,0,0.0
2026-05-02T16:00:18,499.59,0,0,0,0.0,-0.412063,-0.412063,0.4375,60.3,7,9,0,0,16,0,0,0.0
2026-05-02T16:01:19,499.59,1,0,0,0.0,-0.412063,-0.412063,0.4375,60.3,7,9,0,0,16,0,0,0.0
2026-05-02T16:02:19,499.48,0,0,0,0.0,-0.515762,-0.515762,0.4118,60.3,7,10,0,0,17,0,0,0.1667
2026-05-02T16:03:19,499.48,0,0,0,0.0,-0.515762,-0.515762,0.4118,60.3,7,10,0,0,17,0,0,0.1667
2026-05-02T16:04:19,499.48,1,0,0,0.0,-0.515762,-0.515762,0.4118,60.3,7,10,0,0,17,0,0,0.1667
2026-05-02T16:05:19,499.47,0,0,0,0.0,-0.532525,-0.532525,0.3889,60.3,7,11,0,0,18,0,0,0.125
2026-05-02T16:06:19,499.47,0,0,0,0.0,-0.532525,-0.532525,0.3889,60.3,7,11,0,0,18,0,0,0.125
2026-05-02T16:07:19,499.47,0,2,0,0.0,-0.532525,-0.532525,0.3889,60.3,7,11,0,0,18,0,0,0.125
2026-05-02T16:08:19,499.47,1,0,0,0.0,-0.532525,-0.532525,0.3889,60.3,7,11,0,0,18,0,0,0.125
2026-05-02T16:09:19,499.55,1,0,0,0.0,-0.45159,-0.45159,0.4211,60.3,8,11,0,0,19,0,0,0.1136
2026-05-02T16:10:19,499.52,0,2,1,-0.030786,-0.45159,-0.482376,0.4,60.3,8,12,0,0,20,0,0,0.125
2026-05-02T16:11:19,499.52,1,0,0,0.0,-0.482376,-0.482376,0.4,60.3,8,12,0,0,20,0,0,0.125
2026-05-02T16:12:19,499.48,0,0,0,0.0,-0.515595,-0.515595,0.381,60.3,8,13,0,0,21,0,0,0.1346
2026-05-02T16:13:19,499.48,0,0,0,0.0,-0.515595,-0.515595,0.381,60.3,8,13,0,0,21,0,0,0.1346
2026-05-02T16:14:19,499.48,0,0,0,0.0,-0.515595,-0.515595,0.381,60.3,8,13,0,0,21,0,0,0.1346
2026-05-02T16:15:19,499.48,0,2,0,0.0,-0.515595,-0.515595,0.381,60.3,8,13,0,0,21,4,0,0.1346
2026-05-02T16:16:20,499.48,0,0,0,0.0,-0.515595,-0.515595,0.381,60.3,8,13,0,0,21,4,0,0.1346
2026-05-02T16:16:21,499.48,0,0,0,0.0,-0.515595,-0.515595,0.381,60.3,8,13,0,0,21,4,0,0.1346
2026-05-02T17:55:03,500.0,1,2,0,0.0,0.0,0.0,0.0,0.0,0,0,0,0,0,0,0,0.0
2026-05-02T17:56:03,499.99,1,0,0,0.0,-0.009426,-0.009426,0.0,60.3,0,1,0,0,1,0,0,0.0
2026-05-02T17:57:03,499.95,0,2,0,0.0,-0.053212,-0.053212,0.0,60.3,0,2,0,0,2,0,0,0.0
2026-05-02T17:58:03,499.95,0,2,0,0.0,-0.053212,-0.053212,0.0,60.3,0,2,0,0,2,0,0,0.0
2026-05-02T17:59:03,499.95,1,2,0,0.0,-0.053212,-0.053212,0.0,60.3,0,2,0,0,2,0,0,0.0
2026-05-02T18:00:03,499.73,0,2,0,0.0,-0.274557,-0.274557,0.0,53.7,0,3,1,0,2,0,0,0.0
2026-05-02T18:01:03,499.73,1,0,0,0.0,-0.274557,-0.274557,0.0,53.7,0,3,1,0,2,0,0,0.0
2026-05-02T18:02:03,499.67,0,0,0,0.0,-0.331986,-0.331986,0.0,55.4,0,4,1,0,3,0,0,0.0
2026-05-02T18:03:03,499.67,0,0,0,0.0,-0.331986,-0.331986,0.0,55.4,0,4,1,0,3,0,0,0.0
2026-05-02T18:04:03,499.67,0,0,0,0.0,-0.331986,-0.331986,0.0,55.4,0,4,1,0,3,0,0,0.0
2026-05-02T18:05:03,499.67,0,0,0,0.0,-0.331986,-0.331986,0.0,55.4,0,4,1,0,3,0,0,0.0
2026-05-02T18:06:03,499.67,0,0,0,0.0,-0.331986,-0.331986,0.0,55.4,0,4,1,0,3,0,0,0.0
2026-05-02T18:07:03,499.67,0,0,0,0.0,-0.331986,-0.331986,0.0,55.4,0,4,1,0,3,0,0,0.0
2026-05-02T18:08:03,499.67,0,0,0,0.0,-0.331986,-0.331986,0.0,55.4,0,4,1,0,3,0,0,0.0
2026-05-02T18:09:03,499.67,0,0,0,0.0,-0.331986,-0.331986,0.0,55.4,0,4,1,0,3,0,0,0.0
2026-05-02T18:10:03,499.67,0,0,0,0.0,-0.331986,-0.331986,0.0,55.4,0,4,1,0,3,0,0,0.0
2026-05-02T18:11:03,499.67,0,0,0,0.0,-0.331986,-0.331986,0.0,55.4,0,4,1,0,3,0,0,0.0
2026-05-02T18:12:03,499.67,0,0,0,0.0,-0.331986,-0.331986,0.0,55.4,0,4,1,0,3,0,0,0.0
2026-05-02T18:13:03,499.67,0,0,0,0.0,-0.331986,-0.331986,0.0,55.4,0,4,1,0,3,0,0,0.0
2026-05-02T18:14:03,499.67,0,0,0,0.0,-0.331986,-0.331986,0.0,55.4,0,4,1,0,3,0,0,0.0
2026-05-02T18:15:03,499.67,0,0,0,0.0,-0.331986,-0.331986,0.0,55.4,0,4,1,0,3,0,0,0.0
2026-05-02T18:16:03,499.67,0,0,0,0.0,-0.331986,-0.331986,0.0,55.4,0,4,1,0,3,4,0,0.0
2026-05-02T18:17:03,499.67,0,0,0,0.0,-0.331986,-0.331986,0.0,55.4,0,4,1,0,3,4,0,0.0
2026-05-02T18:18:03,499.67,0,0,0,0.0,-0.331986,-0.331986,0.0,55.4,0,4,1,0,3,4,0,0.0
2026-05-02T18:19:03,499.67,0,0,0,0.0,-0.331986,-0.331986,0.0,55.4,0,4,1,0,3,4,0,0.0
2026-05-02T18:20:03,499.67,0,0,0,0.0,-0.331986,-0.331986,0.0,55.4,0,4,1,0,3,4,0,0.0
2026-05-02T18:21:03,499.67,0,0,0,0.0,-0.331986,-0.331986,0.0,55.4,0,4,1,0,3,4,0,0.0
2026-05-02T18:22:03,499.67,0,0,0,0.0,-0.331986,-0.331986,0.0,55.4,0,4,1,0,3,4,0,0.0
2026-05-02T18:23:03,499.67,0,0,0,0.0,-0.331986,-0.331986,0.0,55.4,0,4,1,0,3,4,0,0.0
2026-05-02T18:24:03,499.67,0,0,0,0.0,-0.331986,-0.331986,0.0,55.4,0,4,1,0,3,4,0,0.0
2026-05-02T18:25:03,499.67,0,0,0,0.0,-0.331986,-0.331986,0.0,55.4,0,4,1,0,3,4,0,0.0
2026-05-02T18:26:03,499.67,0,0,0,0.0,-0.331986,-0.331986,0.0,55.4,0,4,1,0,3,4,0,0.0
2026-05-02T18:27:03,499.67,0,0,0,0.0,-0.331986,-0.331986,0.0,55.4,0,4,1,0,3,4,0,0.0
2026-05-02T18:28:03,499.67,0,0,0,0.0,-0.331986,-0.331986,0.0,55.4,0,4,1,0,3,4,0,0.0
2026-05-02T18:29:03,499.67,0,0,0,0.0,-0.331986,-0.331986,0.0,55.4,0,4,1,0,3,4,0,0.0
2026-05-02T18:30:03,499.67,0,0,0,0.0,-0.331986,-0.331986,0.0,55.4,0,4,1,0,3,4,0,0.0
2026-05-02T18:31:03,499.67,0,0,0,0.0,-0.331986,-0.331986,0.0,55.4,0,4,1,0,3,4,0,0.0
2026-05-02T18:32:03,499.45,0,2,0,0.0,-0.551674,-0.551674,0.0,53.5,0,5,2,0,3,4,0,0.0
2026-05-02T18:33:03,499.45,1,0,0,0.0,-0.551674,-0.551674,0.0,53.5,0,5,2,0,3,4,0,0.0
2026-05-02T18:34:03,499.42,1,0,0,0.0,-0.577523,-0.577523,0.0,54.7,0,6,2,0,4,4,0,0.0
2026-05-02T18:35:03,499.34,1,0,1,-0.084833,-0.577523,-0.662356,0.0,55.5,0,7,2,0,5,4,0,0.0
2026-05-02T18:36:03,499.29,0,0,0,0.0,-0.707532,-0.707532,0.0,56.1,0,8,2,0,6,4,0,0.0
2026-05-02T18:37:03,499.29,0,0,0,0.0,-0.707532,-0.707532,0.0,56.1,0,8,2,0,6,4,0,0.0
2026-05-02T18:38:03,499.29,0,0,0,0.0,-0.707532,-0.707532,0.0,56.1,0,8,2,0,6,4,0,0.0
2026-05-02T18:39:03,499.29,0,0,0,0.0,-0.707532,-0.707532,0.0,56.1,0,8,2,0,6,4,0,0.0
2026-05-02T18:40:03,499.29,0,0,0,0.0,-0.707532,-0.707532,0.0,56.1,0,8,2,0,6,4,0,0.0
2026-05-02T18:41:03,499.29,0,0,0,0.0,-0.707532,-0.707532,0.0,56.1,0,8,2,0,6,4,0,0.0
2026-05-02T18:42:03,499.29,0,0,0,0.0,-0.707532,-0.707532,0.0,56.1,0,8,2,0,6,4,0,0.0
2026-05-02T18:43:03,499.29,0,0,0,0.0,-0.707532,-0.707532,0.0,56.1,0,8,2,0,6,4,0,0.0
2026-05-02T18:44:03,499.29,0,0,0,0.0,-0.707532,-0.707532,0.0,56.1,0,8,2,0,6,4,0,0.0
2026-05-02T18:45:03,499.29,0,0,0,0.0,-0.707532,-0.707532,0.0,56.1,0,8,2,0,6,4,0,0.0
2026-05-02T18:46:03,499.29,0,0,0,0.0,-0.707532,-0.707532,0.0,56.1,0,8,2,0,6,4,0,0.0
2026-05-02T18:47:03,499.29,0,0,0,0.0,-0.707532,-0.707532,0.0,56.1,0,8,2,0,6,4,0,0.0
2026-05-02T18:48:03,499.29,0,0,0,0.0,-0.707532,-0.707532,0.0,56.1,0,8,2,0,6,4,0,0.0
2026-05-02T18:49:03,499.29,0,0,0,0.0,-0.707532,-0.707532,0.0,56.1,0,8,2,0,6,4,0,0.0
2026-05-02T18:50:03,499.29,0,0,0,0.0,-0.707532,-0.707532,0.0,56.1,0,8,2,0,6,4,0,0.0
2026-05-02T18:51:03,499.29,0,0,0,0.0,-0.707532,-0.707532,0.0,56.1,0,8,2,0,6,4,0,0.0
2026-05-02T18:52:03,499.29,0,0,0,0.0,-0.707532,-0.707532,0.0,56.1,0,8,2,0,6,4,0,0.0
2026-05-02T18:53:03,499.29,0,0,0,0.0,-0.707532,-0.707532,0.0,56.1,0,8,2,0,6,4,0,0.0
2026-05-02T18:54:03,499.29,0,0,0,0.0,-0.707532,-0.707532,0.0,56.1,0,8,2,0,6,4,0,0.0
2026-05-02T18:55:03,499.29,0,0,0,0.0,-0.707532,-0.707532,0.0,56.1,0,8,2,0,6,4,0,0.0
2026-05-02T18:56:03,499.29,0,0,0,0.0,-0.707532,-0.707532,0.0,56.1,0,8,2,0,6,4,0,0.0
2026-05-02T18:57:03,499.29,0,0,0,0.0,-0.707532,-0.707532,0.0,56.1,0,8,2,0,6,4,0,0.0
2026-05-02T18:58:03,499.29,0,0,0,0.0,-0.707532,-0.707532,0.0,56.1,0,8,2,0,6,4,0,0.0
2026-05-02T18:59:03,499.29,0,0,0,0.0,-0.707532,-0.707532,0.0,56.1,0,8,2,0,6,4,0,0.0
2026-05-02T19:00:03,499.29,0,0,0,0.0,-0.707532,-0.707532,0.0,56.1,0,8,2,0,6,4,0,0.0
2026-05-02T19:01:03,499.29,0,0,0,0.0,-0.707532,-0.707532,0.0,56.1,0,8,2,0,6,4,0,0.0
2026-05-02T19:02:03,499.29,0,0,0,0.0,-0.707532,-0.707532,0.0,56.1,0,8,2,0,6,4,0,0.0
2026-05-02T19:03:03,499.29,0,0,0,0.0,-0.707532,-0.707532,0.0,56.1,0,8,2,0,6,4,0,0.0
2026-05-02T19:04:03,499.29,0,0,0,0.0,-0.707532,-0.707532,0.0,56.1,0,8,2,0,6,4,0,0.0
2026-05-02T19:05:03,499.29,0,0,0,0.0,-0.707532,-0.707532,0.0,56.1,0,8,2,0,6,4,0,0.0
2026-05-02T19:06:03,499.29,0,2,0,0.0,-0.707532,-0.707532,0.0,56.1,0,8,2,0,6,4,0,0.0
2026-05-02T19:07:03,499.29,1,0,0,0.0,-0.707532,-0.707532,0.0,56.1,0,8,2,0,6,4,0,0.0
2026-05-02T19:08:03,499.22,1,0,0,0.0,-0.778381,-0.778381,0.0,56.6,0,9,2,0,7,4,0,0.0
2026-05-02T19:09:03,499.25,0,2,0,0.0,-0.753572,-0.753572,0.1,56.9,1,9,2,0,8,4,0,0.0
2026-05-02T19:10:03,499.25,0,0,0,0.0,-0.744146,-0.753572,0.1,56.9,1,9,2,0,8,4,0,0.0
2026-05-02T19:11:03,499.25,0,0,0,0.0,-0.70036,-0.753572,0.1,56.9,1,9,2,0,8,4,0,0.0
2026-05-02T19:12:03,499.25,0,0,0,0.0,-0.70036,-0.753572,0.1,56.9,1,9,2,0,8,4,0,0.0
2026-05-02T19:13:03,499.25,0,0,0,0.0,-0.70036,-0.753572,0.1,56.9,1,9,2,0,8,4,0,0.0
2026-05-02T19:14:03,499.25,0,0,0,0.0,-0.479015,-0.753572,0.1,56.9,1,9,2,0,8,4,0,0.0
2026-05-02T19:15:03,499.25,1,0,0,0.0,-0.479015,-0.753572,0.1,56.9,1,9,2,0,8,4,0,0.0
2026-05-02T19:16:03,499.22,1,0,0,0.0,-0.445975,-0.777961,0.0909,57.2,1,10,2,0,9,4,0,0.0
2026-05-02T19:17:03,499.17,0,0,1,-0.047263,-0.445975,-0.825224,0.0833,57.5,1,11,2,0,10,4,0,0.0
2026-05-02T19:18:03,499.17,0,0,0,0.0,-0.493238,-0.825224,0.0833,57.5,1,11,2,0,10,4,0,0.0
2026-05-02T19:19:03,499.17,1,0,0,0.0,-0.493238,-0.825224,0.0833,57.5,1,11,2,0,10,4,0,0.0
2026-05-02T19:20:03,499.12,0,2,0,0.0,-0.544114,-0.8761,0.0769,57.7,1,12,2,0,11,4,0,0.0
2026-05-02T19:21:03,499.12,1,0,0,0.0,-0.544114,-0.8761,0.0769,57.7,1,12,2,0,11,4,0,0.0
2026-05-02T19:22:03,499.2,0,0,0,0.0,-0.463596,-0.795582,0.1429,57.9,2,12,2,0,12,4,0,0.2667
2026-05-02T19:23:03,499.2,0,0,0,0.0,-0.463596,-0.795582,0.1429,57.9,2,12,2,0,12,4,0,0.2667
2026-05-02T19:24:03,499.2,0,0,0,0.0,-0.463596,-0.795582,0.1429,57.9,2,12,2,0,12,4,0,0.2667
2026-05-02T19:25:03,499.2,0,0,0,0.0,-0.463596,-0.795582,0.1429,57.9,2,12,2,0,12,4,0,0.2667
2026-05-02T19:26:03,499.2,0,0,0,0.0,-0.463596,-0.795582,0.1429,57.9,2,12,2,0,12,4,0,0.2667
2026-05-02T19:27:03,499.2,0,2,0,0.0,-0.463596,-0.795582,0.1429,57.9,2,12,2,0,12,4,0,0.2667
2026-05-02T19:28:03,499.2,0,0,0,0.0,-0.463596,-0.795582,0.1429,57.9,2,12,2,0,12,4,0,0.2667
2026-05-02T19:29:03,499.2,1,0,0,0.0,-0.463596,-0.795582,0.1429,57.9,2,12,2,0,12,4,0,0.2667
2026-05-02T19:30:03,499.21,0,0,0,0.0,-0.455342,-0.787328,0.2,58.0,3,12,2,0,13,4,0,0.2667
2026-05-02T19:31:03,499.21,0,0,0,0.0,-0.455342,-0.787328,0.2,58.0,3,12,2,0,13,4,0,0.2667
2026-05-02T19:32:03,499.21,0,0,0,0.0,-0.455342,-0.787328,0.2,58.0,3,12,2,0,13,4,0,0.2667
2026-05-02T19:33:03,499.21,0,0,0,0.0,-0.455342,-0.787328,0.2,58.0,3,12,2,0,13,4,0,0.2667
2026-05-02T19:34:03,499.21,0,0,0,0.0,-0.455342,-0.787328,0.2,58.0,3,12,2,0,13,4,0,0.2667
2026-05-02T19:35:04,499.21,0,0,0,0.0,-0.455342,-0.787328,0.2,58.0,3,12,2,0,13,4,0,0.2667
2026-05-02T19:36:04,499.21,0,0,0,0.0,-0.455342,-0.787328,0.2,58.0,3,12,2,0,13,4,0,0.2667
2026-05-02T19:37:04,499.21,0,0,0,0.0,-0.455342,-0.787328,0.2,58.0,3,12,2,0,13,4,0,0.2667
2026-05-02T19:38:04,499.21,0,0,0,0.0,-0.455342,-0.787328,0.2,58.0,3,12,2,0,13,4,0,0.2667
2026-05-02T19:39:04,499.21,0,0,0,0.0,-0.455342,-0.787328,0.2,58.0,3,12,2,0,13,4,0,0.2667
2026-05-02T19:40:04,499.21,0,0,0,0.0,-0.455342,-0.787328,0.2,58.0,3,12,2,0,13,4,0,0.2667
2026-05-02T19:41:04,499.21,0,0,0,0.0,-0.455342,-0.787328,0.2,58.0,3,12,2,0,13,4,0,0.2667
2026-05-02T19:42:04,499.21,0,2,0,0.0,-0.455342,-0.787328,0.2,58.0,3,12,2,0,13,4,0,0.2667
2026-05-02T19:43:04,499.21,1,0,0,0.0,-0.455342,-0.787328,0.2,58.0,3,12,2,0,13,4,0,0.2667
2026-05-02T19:44:04,499.13,0,2,0,0.0,-0.534188,-0.866174,0.1875,58.2,3,13,2,0,14,4,0,0.2727
2026-05-02T19:45:04,499.13,0,0,0,0.0,-0.534188,-0.866174,0.1875,58.2,3,13,2,0,14,4,0,0.2727
2026-05-02T19:46:04,499.13,0,0,0,0.0,-0.3145,-0.866174,0.1875,58.2,3,13,2,0,14,4,0,0.2727
2026-05-02T19:47:04,499.13,0,0,0,0.0,-0.288651,-0.866174,0.1875,58.2,3,13,2,0,14,4,0,0.2727
2026-05-02T19:48:04,499.13,0,0,0,0.0,-0.158642,-0.866174,0.1875,58.2,3,13,2,0,14,4,0,0.2727
2026-05-02T19:49:04,499.13,0,0,0,0.0,-0.158642,-0.866174,0.1875,58.2,3,13,2,0,14,4,0,0.2727
2026-05-02T19:50:04,499.13,0,0,0,0.0,-0.158642,-0.866174,0.1875,58.2,3,13,2,0,14,4,0,0.2727
2026-05-02T19:51:04,499.13,0,0,0,0.0,-0.158642,-0.866174,0.1875,58.2,3,13,2,0,14,4,0,0.2727
2026-05-02T19:52:04,499.13,0,0,0,0.0,-0.158642,-0.866174,0.1875,58.2,3,13,2,0,14,4,0,0.2727
2026-05-02T19:53:04,499.13,0,0,0,0.0,-0.158642,-0.866174,0.1875,58.2,3,13,2,0,14,4,0,0.2727
2026-05-02T19:54:04,499.13,0,0,0,0.0,-0.158642,-0.866174,0.1875,58.2,3,13,2,0,14,4,0,0.2727
2026-05-02T19:55:04,499.13,0,0,0,0.0,-0.158642,-0.866174,0.1875,58.2,3,13,2,0,14,4,0,0.2727
2026-05-02T19:56:04,499.13,0,0,0,0.0,-0.158642,-0.866174,0.1875,58.2,3,13,2,0,14,4,0,0.2727
2026-05-02T19:57:04,499.13,0,0,0,0.0,-0.158642,-0.866174,0.1875,58.2,3,13,2,0,14,4,0,0.2727
2026-05-02T19:58:04,499.13,0,0,0,0.0,-0.158642,-0.866174,0.1875,58.2,3,13,2,0,14,4,0,0.2727
2026-05-02T19:59:04,499.13,0,0,0,0.0,-0.158642,-0.866174,0.1875,58.2,3,13,2,0,14,4,0,0.2727
2026-05-02T20:00:04,499.13,0,0,0,0.0,-0.158642,-0.866174,0.1875,58.2,3,13,2,0,14,4,0,0.2727
2026-05-02T20:01:04,499.13,0,0,0,0.0,-0.158642,-0.866174,0.1875,58.2,3,13,2,0,14,4,0,0.2727
2026-05-02T20:02:04,499.13,0,0,0,0.0,-0.158642,-0.866174,0.1875,58.2,3,13,2,0,14,4,0,0.2727
2026-05-02T20:03:04,499.13,0,0,0,0.0,-0.158642,-0.866174,0.1875,58.2,3,13,2,0,14,4,0,0.2727
2026-05-02T20:04:04,499.13,0,0,0,0.0,-0.158642,-0.866174,0.1875,58.2,3,13,2,0,14,4,0,0.2727
2026-05-02T20:05:04,499.13,0,0,0,0.0,-0.158642,-0.866174,0.1875,58.2,3,13,2,0,14,4,0,0.2727
2026-05-02T20:06:04,499.13,0,0,0,0.0,-0.158642,-0.866174,0.1875,58.2,3,13,2,0,14,4,0,0.2727
2026-05-02T20:07:04,499.13,0,0,0,0.0,-0.158642,-0.866174,0.1875,58.2,3,13,2,0,14,4,0,0.2727
2026-05-02T20:08:04,499.13,0,0,0,0.0,-0.158642,-0.866174,0.1875,58.2,3,13,2,0,14,4,0,0.2727
2026-05-02T20:09:04,499.13,0,0,0,0.0,-0.158642,-0.866174,0.1875,58.2,3,13,2,0,14,4,0,0.2727
2026-05-02T20:10:04,499.13,0,0,0,0.0,-0.158642,-0.866174,0.1875,58.2,3,13,2,0,14,4,0,0.2727
2026-05-02T20:11:04,499.13,0,0,0,0.0,-0.158642,-0.866174,0.1875,58.2,3,13,2,0,14,4,0,0.2727
2026-05-02T20:12:04,499.13,0,0,0,0.0,-0.158642,-0.866174,0.1875,58.2,3,13,2,0,14,4,0,0.2727
2026-05-02T20:13:04,499.13,0,0,0,0.0,-0.158642,-0.866174,0.1875,58.2,3,13,2,0,14,4,0,0.2727
2026-05-02T20:14:04,499.13,0,0,0,0.0,-0.158642,-0.866174,0.1875,58.2,3,13,2,0,14,4,0,0.2727
2026-05-02T20:15:04,499.13,0,0,0,0.0,-0.158642,-0.866174,0.1875,58.2,3,13,2,0,14,4,0,0.2727
2026-05-02T20:16:04,499.13,0,0,0,0.0,-0.158642,-0.866174,0.1875,58.2,3,13,2,0,14,4,0,0.2727
2026-05-02T20:17:04,499.13,0,0,0,0.0,-0.158642,-0.866174,0.1875,58.2,3,13,2,0,14,4,0,0.2727
2026-05-02T20:18:04,499.13,0,0,0,0.0,-0.158642,-0.866174,0.1875,58.2,3,13,2,0,14,4,0,0.2727
2026-05-02T20:19:04,499.13,0,0,0,0.0,-0.087793,-0.866174,0.1875,58.2,3,13,2,0,14,4,0,0.2727
2026-05-02T20:20:04,499.13,0,0,0,0.0,-0.112602,-0.866174,0.1875,58.2,3,13,2,0,14,4,0,0.2727
2026-05-02T20:21:04,499.13,0,0,0,0.0,-0.112602,-0.866174,0.1875,58.2,3,13,2,0,14,4,0,0.2727
2026-05-02T20:22:04,499.13,0,0,0,0.0,-0.112602,-0.866174,0.1875,58.2,3,13,2,0,14,4,0,0.2727
2026-05-02T20:23:04,499.13,0,0,0,0.0,-0.112602,-0.866174,0.1875,58.2,3,13,2,0,14,4,0,0.2727
2026-05-02T20:24:04,499.13,0,0,0,0.0,-0.112602,-0.866174,0.1875,58.2,3,13,2,0,14,4,0,0.2727
2026-05-02T20:25:04,499.13,0,0,0,0.0,-0.112602,-0.866174,0.1875,58.2,3,13,2,0,14,4,0,0.2727
2026-05-02T20:26:04,499.13,0,0,0,0.0,-0.112602,-0.866174,0.1875,58.2,3,13,2,0,14,4,0,0.2727
2026-05-02T20:27:04,499.13,0,0,0,0.0,-0.088214,-0.866174,0.1875,58.2,3,13,2,0,14,4,0,0.2727
2026-05-02T20:28:04,499.13,0,0,0,0.0,-0.088214,-0.866174,0.1875,58.2,3,13,2,0,14,4,0,0.2727
